,index,x0,iata,latitude,longitude,country,state,region,hub
0,0,0.006563878067086105,1G4,35.99027778,-113.81638889,US,AZ,west,no
1,1,0.038524594450485686,DQS,36.25972222,-113.23138889,US,AZ,west,no
2,2,0.9985240776923789,VGT,36.2125,-115.19694444,US,NV,west,no
3,3,0.5904101628806461,6B0,43.98472222,-73.09583333,US,VT,east,no
4,4,0.7335045794216158,HPN,41.06888889,-73.70777778,US,NY,east,no
5,5,0.10032570437574084,ABE,40.65472222,-75.43833333,US,PA,east,no
6,6,0.8997798149389067,ALO,42.55611111,-92.39972222,US,IA,centre,no
7,7,0.5207180900260041,ATL,33.64083333,-84.42722222,US,GA,east,yes
8,8,0.431692341718701,ATW,44.25777778,-88.52,US,WI,centre,no
9,9,0.07704364505494934,AZO,42.23638889,-85.55361111,US,MI,east,no
10,10,0.008318759935390512,BHM,33.56305556,-86.75555556,US,AL,centre,no
11,11,0.4121285396427115,BIF,31.84944444,-106.37944444,US,TX,centre,no
12,12,0.27825470365901195,BNA,36.12666667,-86.68194444,US,TN,east,yes
13,13,0.02452487483905554,CHS,32.89916667,-80.03888889,US,SC,east,no
14,14,0.6543824345646206,CID,41.88444444,-91.70611111,US,IA,centre,no
15,15,0.7278971033697026,CLE,41.41083333,-81.84944444,US,OH,east,yes
16,16,0.9921210483167249,CLT,35.21916667,-80.93583333,US,NC,east,no
17,17,0.00627419835147355,DAY,39.90111111,-84.22,US,OH,east,no
18,18,0.11309998785118683,DFW,32.89444444,-97.02972222,US,TX,centre,yes
19,19,0.16726643252338985,DLH,46.8425,-92.19027778,US,MN,centre,no
20,20,0.9588275606747078,DSM,41.53388889,-93.65666667,US,IA,centre,no
21,21,0.6736997294980577,DTW,42.21666667,-83.34444444,US,MI,east,yes
22,22,0.9973553344610996,ERI,42.08,-80.17861111,US,PA,east,no
23,23,0.5568191904162709,FLL,26.07416667,-80.15166667,US,FL,east,yes
24,24,0.05094010763106414,FNT,42.96666667,-83.74166667,US,MI,east,no
25,25,0.23852328678588633,GPT,30.40611111,-89.07027778,US,MS,centre,no
26,26,0.4384234561069742,GRB,44.48805556,-88.13055556,US,WI,centre,no
27,27,0.05382932059445581,GSP,34.89888889,-82.21388889,US,SC,east,no
28,28,0.0012309875005837923,HSV,34.64277778,-86.77555556,US,AL,centre,no
29,29,0.28062584035497623,IAD,38.94166667,-77.4575,US,VA,east,yes
30,30,0.997207432226088,ICT,37.65,-97.43277778,US,KS,centre,no
31,31,0.9824103655555345,ILM,34.26694444,-77.90388889,US,NC,east,no
32,32,0.1104972952111332,IND,39.72888889,-86.28166667,US,IN,east,no
33,33,0.4702048654476674,JAX,30.48472222,-81.68777778,US,FL,east,no
34,34,0.07175358097980564,JFK,40.63861111,-73.77694444,US,NY,east,yes
35,35,0.997744554093603,LBE,40.27638889,-79.40277778,US,PA,east,no
36,36,0.9975325129072089,LEX,38.03972222,-84.60222222,US,KY,centre,no
37,37,0.2881544284204485,LGA,40.77944444,-73.87583333,US,NY,east,no
38,38,0.004388014068874043,LIT,34.72916667,-92.23444444,US,AR,centre,no
39,39,0.7499124310925608,MCI,39.2975,-94.71388889,US,MO,centre,no
40,40,0.9863535175491046,MCO,28.43166667,-81.32472222,US,FL,east,no
41,41,0.0018321581626823344,MDW,41.785,-87.75194444,US,IL,east,no
42,42,0.9983057265391899,MEM,35.04972222,-89.97861111,US,TN,east,no
43,43,0.4542055095313058,MKE,42.95027778,-87.89722222,US,WI,centre,no
44,44,0.5563575529161875,MLI,41.44888889,-90.505,US,IL,east,no
45,45,0.9272098005385333,MSN,43.14194444,-89.33694444,US,WI,centre,no
46,46,0.10121992443246777,MYR,33.67916667,-78.92972222,US,SC,east,no
47,47,0.9830748181099279,ORD,41.97805556,-87.90611111,US,IL,east,yes
48,48,0.9282692597360839,PGD,26.91916667,-81.99138889,US,FL,east,no
49,49,0.9976225292820367,PHL,39.86805556,-75.24861111,US,PA,east,no
50,50,0.9603699996113281,PIE,27.90722222,-82.68555556,US,FL,east,no
51,51,0.579820098424708,PIT,40.49666667,-80.23583333,US,PA,east,no
52,52,0.9987808079146446,PUB,38.29277778,-104.49611111,US,CO,west,no
53,53,0.25301788463536673,RIC,37.50527778,-77.31972222,US,VA,east,no
54,54,0.016177980592593705,ROA,37.32472222,-79.97638889,US,VA,east,no
55,55,0.09498764320020983,RSW,26.53611111,-81.755,US,FL,east,no
56,56,0.9965096426111623,SFB,28.775,-81.24027778,US,FL,east,no
57,57,0.31626240760496277,SRQ,27.39388889,-82.55416667,US,FL,east,no
58,58,0.6206438782889675,STL,38.74722222,-90.36444444,US,MO,centre,no
59,59,0.724707232532738,TUL,36.19777778,-95.88972222,US,OK,centre,no
60,60,0.001958592403094828,UTM,34.68083333,-90.34638889,US,MS,centre,no
61,61,0.001149292353143894,VPS,30.48333333,-86.52527778,US,FL,east,no
62,62,0.17724928351613903,ABI,32.40944444,-99.67972222,US,TX,centre,no
63,63,0.0016699382887568823,ELP,31.80666667,-106.37722222,US,TX,centre,no
64,64,0.06892160830951145,ENV,40.71861111,-114.03388889,US,UT,west,no
65,65,0.058618691449393634,GGG,32.38666667,-94.71527778,US,TX,centre,no
66,66,0.04264383382408417,IFP,35.16444444,-114.56527778,US,AZ,west,no
67,67,0.9989082423004776,SJT,31.35972222,-100.49444444,US,TX,centre,no
68,68,0.9974685139793443,SLC,40.78416667,-111.96694444,US,UT,west,no
69,69,0.9937916004344288,SMO,34.01611111,-118.45083333,US,CA,west,no
70,70,0.2376592513231833,ABQ,35.04166667,-106.60638889,US,NM,west,no
71,71,0.8860109247167978,ALB,42.74583333,-73.80527778,US,NY,east,no
72,72,0.9987082336933876,ALM,32.83972222,-105.99,US,NM,west,no
73,73,0.998425902326896,AMA,35.22722222,-101.72194444,US,TX,centre,no
74,74,0.0023485397464716204,AUS,30.19444444,-97.67,US,TX,centre,no
75,75,0.0030138820070441876,BDL,41.93861111,-72.68333333,US,CT,east,no
76,76,0.6769747462567361,BFL,35.43,-119.05222222,US,CA,west,no
77,77,0.5304217209635159,BIL,45.80694444,-108.54277778,US,MT,west,no
78,78,0.9966511663278756,BOI,43.56527778,-116.225,US,ID,west,no
79,79,0.9884275224800595,BOS,42.36361111,-71.00611111,US,MA,east,yes
80,80,0.03368316173548582,BPT,29.95083333,-94.02,US,TX,centre,no
81,81,0.722248900191294,BUF,42.94111111,-78.73638889,US,NY,east,no
82,82,0.33478493637514495,BUR,34.2,-118.35777778,US,CA,west,yes
83,83,0.9216572335469501,BWI,39.175,-76.67,US,MD,east,no
84,84,0.4711754782537947,CMH,39.99111111,-82.87833333,US,OH,east,no
85,85,0.0018001238317090842,CNM,32.33722222,-104.26277778,US,NM,west,no
86,86,0.46853075607611844,COS,38.80888889,-104.70916667,US,CO,west,no
87,87,0.9974932287462328,CRP,27.77,-97.50083333,US,TX,centre,no
88,88,0.003035049283236128,CVG,39.04777778,-84.66861111,US,KY,centre,no
89,89,0.0012724870129465628,CVN,34.42722222,-103.07888889,US,NM,west,no
90,90,0.8948780857683827,DAL,32.84694444,-96.85333333,US,TX,centre,no
91,91,0.10785315682120028,DCA,38.85166667,-77.03694444,US,VA,east,yes
92,92,0.3,DEN,39.77444444,-104.87972222,US,CO,west,no
93,93,0.7764419024971433,ECP,30.35777778,-85.79888889,US,FL,east,no
94,94,0.45174896609470094,EUG,44.12083333,-123.2175,US,OR,west,no
95,95,0.04644467145776215,EWR,40.69583333,-74.17166667,US,NJ,east,yes
96,96,0.0021354684556471755,FAT,36.77666667,-119.71722222,US,CA,west,no
97,97,0.38751764892097684,GEG,47.62,-117.53277778,US,WA,west,no
98,98,0.7728280632952562,GJT,39.11861111,-108.51388889,US,CO,west,no
99,99,0.9379817187902417,GRK,31.06472222,-97.8275,US,TX,centre,no
100,100,0.9989753174078815,GTF,47.48555556,-111.36694444,US,MT,west,no
101,101,0.0016698456523004518,HOB,32.68861111,-103.21694444,US,NM,west,no
102,102,0.9970730951545044,HOU,29.645,-95.27861111,US,TX,centre,no
103,103,0.003581686319437249,HRL,26.22805556,-97.65222222,US,TX,centre,no
104,104,0.17874369594030182,IAH,29.98333333,-95.34,US,TX,centre,no
105,105,0.4665244597942122,IDA,43.51611111,-112.06472222,US,ID,west,no
106,106,0.5029939035218921,ISP,40.79666667,-73.10083333,US,NY,east,no
107,107,0.9838613824708583,IYK,35.65666667,-117.82916667,US,CA,west,no
108,108,0.8377780165828032,LAR,41.31361111,-105.67305556,US,WY,west,no
109,109,0.2413912740308594,LAS,36.08,-115.15222222,US,NV,west,no
110,110,0.0019043270903199108,LAX,33.9425,-118.40805556,US,CA,west,yes
111,111,0.40990819223850394,LBB,33.66222222,-101.82277778,US,TX,centre,no
112,112,0.0013754618873094919,LGB,33.8175,-118.15111111,US,CA,west,no
113,113,0.9718894124252138,MAF,31.94083333,-102.20138889,US,TX,centre,no
114,114,0.2878577074191409,MFE,26.17694444,-98.23972222,US,TX,centre,no
115,115,0.8581594904862909,MHT,42.93833333,-71.43888889,US,NH,east,no
116,116,0.6600774441602294,MOT,48.25944444,-101.28083333,US,ND,centre,no
117,117,0.5303611237478797,MRY,36.58805556,-121.84805556,US,CA,west,no
118,118,0.8038343641855189,MSP,44.88611111,-93.21777778,US,MN,centre,yes
119,119,0.3490794279495065,MSY,29.99111111,-90.25138889,US,LA,centre,no
120,120,0.09973468111622188,OAK,37.72138889,-122.22083333,US,CA,west,no
121,121,0.9625269319605562,OKC,35.39222222,-97.60166667,US,OK,centre,no
122,122,0.19247178492423292,OMA,41.30194444,-95.89333333,US,NE,centre,no
123,123,0.8622586677298841,ONT,34.05611111,-117.60111111,US,CA,west,no
124,124,0.9930407369025082,ORF,36.89583333,-76.20138889,US,VA,east,no
125,125,0.0016229036679422677,PBI,26.68222222,-80.09416667,US,FL,east,no
126,126,0.0027368638451256504,PDX,45.58916667,-122.595,US,OR,west,no
127,127,0.10810447363821649,PHX,33.43611111,-112.00944444,US,AZ,west,no
128,128,0.0012781531546685106,PSC,46.26388889,-119.11472222,US,WA,west,no
129,129,0.36497125854281237,PSP,33.82666667,-116.505,US,CA,west,no
130,130,0.13299166580752386,PVD,41.72833333,-71.42611111,US,RI,east,no
131,131,0.5814480987209188,RDU,35.87527778,-78.78194444,US,NC,east,no
132,132,0.0016705831776549613,RNO,39.49777778,-119.7675,US,NV,west,no
133,133,0.7415615438528228,SAN,32.73277778,-117.18722222,US,CA,west,no
134,134,0.1679297933469197,SAT,29.53333333,-98.46944444,US,TX,centre,no
135,135,0.03638757578357562,SBA,34.42777778,-119.83944444,US,CA,west,no
136,136,0.0013096476927567527,SBP,35.23666667,-120.63916667,US,CA,west,no
137,137,0.2928109368277476,SDF,38.17972222,-85.73861111,US,KY,centre,no
138,138,0.0016849364840183742,SEA,47.44722222,-122.30555556,US,WA,west,no
139,139,0.6444927263899333,SFO,37.61888889,-122.375,US,CA,west,no
140,140,0.3010021075152623,SJC,37.36277778,-121.94055556,US,CA,west,no
141,141,0.7146527542545379,SMF,38.69555556,-121.58972222,US,CA,west,no
142,142,0.31071067376546746,SNA,33.67555556,-117.86694444,US,CA,west,no
143,143,0.8400285272178385,SVC,32.63194444,-108.15388889,US,NM,west,no
144,144,0.6415980031249742,TLH,30.39972222,-84.35194444,US,FL,east,no
145,145,0.3253396062891703,TPA,27.97305556,-82.53527778,US,FL,east,no
146,146,0.0028528681420779425,TUS,32.11611111,-110.94055556,US,AZ,west,no
147,147,0.6207626478178873,ABR,45.44972222,-98.42166667,US,SD,centre,no
148,148,0.002548577920797396,ATY,44.90888889,-97.15416667,US,SD,centre,no
149,149,0.19588203645453608,ABY,31.53222222,-84.19611111,US,GA,east,no
150,150,0.5451551742128686,GLH,33.48444444,-90.985,US,MS,centre,no
151,151,0.7049975888581497,SDM,32.57222222,-116.97944444,US,CA,west,no
152,152,0.38126563612218856,ACK,41.25666667,-70.05972222,US,MA,east,no
153,153,0.0015986277550163377,BDR,41.16416667,-73.12444444,US,CT,east,no
154,154,0.6463988842787625,CT1,41.69027778,-72.86472222,US,CT,east,no
155,155,0.03495949954468226,EWB,41.67694444,-70.95916667,US,MA,east,no
156,156,0.16195959975269963,FRG,40.72944444,-73.415,US,NY,east,no
157,157,0.9198762674191218,HFD,41.73333333,-72.65,US,CT,east,no
158,158,0.17996916075514036,HTO,40.95944444,-72.25166667,US,NY,east,no
159,159,0.001224801284806382,HVN,41.26527778,-72.88833333,US,CT,east,no
160,160,0.3809877938138928,HYA,41.66583333,-70.28055556,US,MA,east,no
161,161,0.007867244446116537,MMU,40.79916667,-74.41583333,US,NJ,east,no
162,162,0.05054892154108861,MVY,41.39277778,-70.61666667,US,MA,east,no
163,163,0.9988104345393916,OWD,42.19194444,-71.17722222,US,MA,east,no
164,164,0.9988741018781265,OXC,41.47861111,-73.13527778,US,CT,east,no
165,165,0.6151591167019853,TEB,40.84972222,-74.06222222,US,NJ,east,no
166,166,0.0009327446445635274,ZXU,41.59722222,-71.41222222,US,RI,east,no
167,167,0.9983198251124115,ACT,31.61138889,-97.22861111,US,TX,centre,no
168,168,0.4951902391914634,COU,38.81361111,-92.21916667,US,MO,centre,no
169,169,0.9977238594732477,FOE,38.9525,-95.6625,US,KS,centre,no
170,170,0.6992850635381166,LAN,42.77916667,-84.58833333,US,MI,east,no
171,171,0.1365475247084191,MHK,39.14222222,-96.66888889,US,KS,centre,no
172,172,0.0715050631309754,SWO,36.15888889,-97.08555556,US,OK,centre,no
173,173,0.7248498091076446,TUP,34.25888889,-88.76722222,US,MS,centre,no
174,174,0.11098683984265621,TYS,35.81222222,-83.9925,US,TN,east,no
175,175,0.9111281205561257,ACV,40.97916667,-124.1075,US,CA,west,no
176,176,0.2247083061302167,BLI,48.79444444,-122.53472222,US,WA,west,no
177,177,0.9978146438560751,CEC,41.78,-124.23583333,US,CA,west,no
178,178,0.6397757584831891,RDD,40.50833333,-122.29222222,US,CA,west,no
179,179,0.05420096839949751,ACY,39.45611111,-74.57805556,US,NJ,east,no
180,180,0.9951755863498244,AGS,33.36916667,-81.96444444,US,GA,east,no
181,181,0.9975045045950395,CAE,33.93638889,-81.11583333,US,SC,east,no
182,182,0.002983109347345285,CAK,40.91388889,-81.44166667,US,OH,east,no
183,183,0.2102029871882,CEF,42.19777778,-72.53055556,US,MA,east,no
184,184,0.014231493743405354,CRW,38.37277778,-81.59305556,US,WV,east,no
185,185,0.29456600226754115,CWA,44.78222222,-89.65916667,US,WI,centre,no
186,186,0.27375496881473077,DAB,29.1825,-81.05277778,US,FL,east,no
187,187,0.9985274334744928,FAY,34.99138889,-78.88027778,US,NC,east,no
188,188,0.7770283108974146,FWA,40.97833333,-85.18805556,US,IN,east,no
189,189,0.7564746803318986,GRR,42.88111111,-85.52416667,US,MI,east,no
190,190,0.27446250477403666,GSO,36.09194444,-79.94277778,US,NC,east,no
191,191,0.09073202507142299,GYY,41.61805556,-87.41555556,US,IN,east,no
192,192,0.19232498397680417,ISO,35.32666667,-77.61666667,US,NC,east,no
193,193,0.9231883918832232,JST,40.31666667,-78.83444444,US,PA,east,no
194,194,0.6423724744203243,LNK,40.85083333,-96.75888889,US,NE,centre,no
195,195,0.8908995853135999,LUK,39.10277778,-84.42138889,US,OH,east,no
196,196,0.0017847509441804143,MOB,30.68833333,-88.24083333,US,AL,centre,no
197,197,0.9988585742384742,ORH,42.26916667,-71.87444444,US,MA,east,no
198,198,0.2536927300907218,PGV,35.63333333,-77.38527778,US,NC,east,no
199,199,0.32747800724053633,PWM,43.64444444,-70.30361111,US,ME,east,no
200,200,0.008409783787464148,RME,43.23388889,-75.4075,US,NY,east,no
201,201,0.47100280009068807,ROC,43.12138889,-77.67083333,US,NY,east,no
202,202,0.003911025037652122,SAV,32.1275,-81.2025,US,GA,east,no
203,203,0.7895132677478417,SYR,43.11055556,-76.1025,US,NY,east,no
204,204,0.1792404678049544,TOL,41.59083333,-83.80083333,US,OH,east,no
205,205,0.3504108736042538,TRI,36.47611111,-82.40638889,US,TN,east,no
206,206,0.5170786495022173,VNY,34.20972222,-118.49,US,CA,west,no
207,207,0.333552776781754,YIP,42.23777778,-83.53055556,US,MI,east,no
208,208,0.17661057647489228,YNG,41.25611111,-80.66972222,US,OH,east,no
209,209,0.9946718431009052,APC,38.21222222,-122.28,US,CA,west,no
210,210,0.25173463143618807,ADW,38.81083333,-76.86722222,US,MD,east,no
211,211,0.07430193848605882,AVL,35.435,-82.54111111,US,NC,east,no
212,212,0.002670542171246005,BFI,47.52888889,-122.29944444,US,WA,west,no
213,213,0.7809077742885132,MCF,27.84888889,-82.52166667,US,FL,east,no
214,214,0.6268272989693608,MIA,25.7925,-80.28611111,US,FL,east,yes
215,215,0.4927231446090477,NGU,36.93722222,-76.29055556,US,VA,east,no
216,216,0.001746976773473018,NPA,30.35277778,-87.32027778,US,FL,east,no
217,217,0.9975828845245697,POB,35.17083333,-79.01472222,US,NC,east,no
218,218,0.7870305706757339,AEX,31.32416667,-92.54694444,US,LA,centre,no
219,219,0.3063111881768605,AZA,33.30777778,-111.65555556,US,AZ,west,no
220,220,0.8014934783857383,CSG,32.51611111,-84.93888889,US,GA,east,no
221,221,0.8518003256342063,CYS,41.15583333,-104.81222222,US,WY,west,no
222,222,0.8171240678320334,DPG,40.19944444,-112.93666667,US,UT,west,no
223,223,0.0017504973641917188,DQK,44.05,-75.73305556,US,NY,east,no
224,224,0.13787949460356216,GFK,47.95194444,-97.17861111,US,ND,centre,no
225,225,0.4149066835259076,LRD,27.54472222,-99.46111111,US,TX,centre,no
226,226,0.0014726636108699832,MDT,40.19305556,-76.76222222,US,PA,east,no
227,227,0.3931107237367258,RIV,33.88055556,-117.25861111,US,CA,west,no
228,228,0.38403697608647536,SBN,41.70444444,-86.3125,US,IN,east,no
229,229,0.878771998205,SGF,37.24,-93.385,US,MO,centre,no
230,230,0.7964677145904002,AFK,40.60694444,-95.86583333,US,NE,centre,no
231,231,0.002134333364395596,BEH,42.12777778,-86.42833333,US,MI,east,no
232,232,0.4840192555987648,AFW,32.98666667,-97.3175,US,TX,centre,no
233,233,0.5899915087043405,INT,36.13527778,-80.22555556,US,NC,east,no
234,234,0.073705026408948,JQF,35.38527778,-80.70972222,US,NC,east,no
235,235,0.2668843622513536,AGC,40.35472222,-79.93,US,PA,east,no
236,236,0.3725425061968579,BQK,31.25888889,-81.46638889,US,GA,east,no
237,237,0.7039051305786238,GNV,29.68972222,-82.27583333,US,FL,east,no
238,238,0.9982501145439089,MGM,32.3,-86.39111111,US,AL,centre,no
239,239,0.19033962699738452,SHV,32.44694444,-93.82555556,US,LA,centre,no
240,240,0.29494510056457407,XNA,36.28194444,-94.30694444,US,AR,centre,no
241,241,0.5316530911128019,AHN,33.94833333,-83.32694444,US,GA,east,no
242,242,0.7736644658988931,BTR,30.53166667,-91.15055556,US,LA,centre,no
243,243,0.293312351531062,FYV,36.00361111,-94.17,US,AR,centre,no
244,244,0.4238770325661838,GTR,33.45027778,-88.59138889,US,MS,centre,no
245,245,0.13368711168149022,MCN,32.69583333,-83.64916667,US,GA,east,no
246,246,0.9987406181620055,MKL,35.60138889,-88.91527778,US,TN,east,no
247,247,0.9915687426445009,TCL,33.22111111,-87.61083333,US,AL,centre,no
248,248,0.0020533772540023802,AIA,42.05166667,-102.80666667,US,NE,centre,no
249,249,0.0009968298196360542,BFF,41.87527778,-103.60111111,US,NE,centre,no
250,250,0.7586484250767508,PIR,44.38361111,-100.28416667,US,SD,centre,no
251,251,0.5076161653278303,AL4,31.30888889,-86.39388889,US,AL,centre,no
252,252,0.01094861098042319,ART,43.99083333,-76.02138889,US,NY,east,no
253,253,0.33959697277001377,AVP,41.33916667,-75.72583333,US,PA,east,no
254,254,0.0013425051855848076,BTV,44.47277778,-73.15305556,US,VT,east,no
255,255,0.8419224863140305,CHO,38.14138889,-78.45305556,US,VA,east,no
256,256,0.9980389469365663,JAN,32.30972222,-90.07583333,US,MS,centre,no
257,257,0.9984606003681077,MBS,43.53166667,-84.08166667,US,MI,east,no
258,258,0.3524663800716691,MLB,28.1025,-80.64305556,US,FL,east,no
259,259,0.09622807376631888,MSS,44.93777778,-74.84666667,US,NY,east,no
260,260,0.002007404128774877,OAJ,34.83027778,-77.61166667,US,NC,east,no
261,261,0.0010547257663918606,OGS,44.68166667,-75.46583333,US,NY,east,no
262,262,0.5781825030705113,PNS,30.47333333,-87.1875,US,FL,east,no
263,263,0.9985522465012174,RST,43.91027778,-92.49638889,US,MN,centre,no
264,264,0.6902139612351385,TVC,44.74,-85.58583333,US,MI,east,no
265,265,0.5582358058307269,FAR,46.91555556,-96.81472222,US,ND,centre,no
266,266,0.1884425350322965,HUF,39.45444444,-87.3075,US,IN,east,no
267,267,0.9986820278125139,MWA,37.75194444,-89.01638889,US,IL,east,no
268,268,0.7924484250359706,ALS,37.43666667,-105.86666667,US,CO,west,no
269,269,0.6903433196797454,ALW,46.09472222,-118.29111111,US,WA,west,no
270,270,0.15945236401180524,LAW,34.56972222,-98.41611111,US,OK,centre,no
271,271,0.9975412477323049,ANB,33.59027778,-85.85583333,US,AL,centre,no
272,272,0.005519666471183662,MTO,39.47861111,-88.27833333,US,IL,east,no
273,273,0.24764533155475682,PAE,47.90833333,-122.28138889,US,WA,west,no
274,274,0.005417180947900561,AND,34.49361111,-82.71,US,SC,east,no
275,275,0.707046316381181,BED,42.47083333,-71.29,US,MA,east,no
276,276,0.6966639593561702,ANP,38.94277778,-76.56888889,US,MD,east,no
277,277,0.7784071403007253,AOO,40.29722222,-78.32,US,PA,east,no
278,278,0.39799421897300796,APA,39.57277778,-104.84777778,US,CO,west,no
279,279,0.0016035355008977004,BJC,39.90888889,-105.11722222,US,CO,west,no
280,280,0.5917660713040839,TRM,33.62638889,-116.16083333,US,CA,west,no
281,281,0.25714992950681204,APF,26.15277778,-81.77527778,US,FL,east,no
282,282,0.9987288748358201,APN,45.08166667,-83.55583333,US,MI,east,no
283,283,0.001236041687747779,CIU,46.24194444,-84.46611111,US,MI,east,no
284,284,0.8259530671718182,BGR,44.80777778,-68.82777778,US,ME,east,no
285,285,0.001599192398108397,ASE,39.22416667,-106.86888889,US,CO,west,no
286,286,0.30069776293191347,JAC,43.60666667,-110.73694444,US,WY,west,no
287,287,0.8780482085059779,AST,46.15972222,-123.88,US,OR,west,no
288,288,0.9974845323978073,BKG,36.53194444,-93.20055556,US,MO,centre,no
289,289,0.6793673908387095,BKL,41.51694444,-81.68333333,US,OH,east,no
290,290,0.6272337722930081,BMI,40.48194444,-88.9275,US,IL,east,no
291,291,0.5217169037562753,BZN,45.78027778,-111.15944444,US,MT,west,no
292,292,0.0024121131390110987,CGI,37.22361111,-89.57166667,US,MO,centre,no
293,293,0.5343033215396465,CHA,35.03638889,-85.20361111,US,TN,east,no
294,294,0.5657688723350699,CLL,30.58944444,-96.36444444,US,TX,centre,no
295,295,0.9986796604636332,DHN,31.32,-85.44833333,US,AL,centre,no
296,296,0.42030844183230587,EGE,39.64361111,-106.91388889,US,CO,west,no
297,297,0.8777396207391623,EVV,38.03666667,-87.5325,US,IN,east,no
298,298,0.7274506151572108,EWN,35.07361111,-77.0425,US,NC,east,no
299,299,0.998480160075419,EYW,24.55555556,-81.75972222,US,FL,east,no
300,300,0.40718156685776097,FCA,48.31277778,-114.25111111,US,MT,west,no
301,301,0.43935492115442426,FLO,34.18888889,-79.72444444,US,SC,east,no
302,302,0.3179815760874404,FSD,43.57888889,-96.74083333,US,SD,centre,no
303,303,0.0013368899519377285,GUC,38.53388889,-106.93888889,US,CO,west,no
304,304,0.9985778189237859,HDN,40.48166667,-107.22,US,CO,west,no
305,305,0.5182075187598424,HHH,32.21666667,-80.68333333,US,SC,east,no
306,306,0.7416217087745988,LFT,30.20472222,-91.9875,US,LA,centre,no
307,307,0.9987157656160328,LSF,32.33777778,-84.99222222,US,GA,east,no
308,308,0.001709317092616218,LWB,37.85972222,-80.39861111,US,WV,east,no
309,309,0.6803518917729077,LYH,37.32694444,-79.20111111,US,VA,east,no
310,310,0.9775434462555304,MEI,32.33722222,-88.74916667,US,MS,centre,no
311,311,0.9986539272376127,MKG,43.17055556,-86.2375,US,MI,east,no
312,312,0.8436884886228092,MLU,32.51111111,-92.03888889,US,LA,centre,no
313,313,0.0014292710371178123,MSL,34.74527778,-87.61027778,US,AL,centre,no
314,314,0.1783461415310369,MTJ,38.50055556,-107.89472222,US,CO,west,no
315,315,0.9700662267899928,OWB,37.74083333,-87.16583333,US,KY,centre,no
316,316,0.15714021401862788,PFN,30.2125,-85.68194444,US,FL,east,no
317,317,0.9976551355580618,PHF,37.13166667,-76.49333333,US,VA,east,no
318,318,0.42954922233259124,PIA,40.66138889,-89.68722222,US,IL,east,no
319,319,0.0013495492481399583,PIH,42.91333333,-112.59444444,US,ID,west,no
320,320,0.0017967063675261208,PTK,42.665,-83.41805556,US,MI,east,no
321,321,0.5270191318746272,SUS,38.66194444,-90.65,US,MO,centre,no
322,322,0.8456326436208256,SWF,41.50583333,-74.09722222,US,NY,east,no
323,323,0.9848487472993839,VLD,30.78222222,-83.27694444,US,GA,east,no
324,324,0.6609425966031137,WRB,32.64,-83.59194444,US,GA,east,no
325,325,0.14321392938911132,RAP,44.04527778,-103.05694444,US,SD,centre,no
326,326,0.997440626863449,SCE,40.77083333,-77.88138889,US,PA,east,no
327,327,0.19443357986164642,SUX,42.40194444,-96.38416667,US,IA,centre,no
328,328,0.20587720230380782,AUG,44.31805556,-69.79666667,US,ME,east,no
329,329,0.00253713238126755,BHB,44.44888889,-68.36166667,US,ME,east,no
330,330,0.5305003423910876,CDC,37.7025,-113.09611111,US,UT,west,no
331,331,0.9975936466929354,CKB,39.29555556,-80.22944444,US,WV,east,no
332,332,0.6284768496761468,CMX,47.16777778,-88.48638889,US,MI,east,no
333,333,0.001565388266290263,HLN,46.60666667,-111.98194444,US,MT,west,no
334,334,0.9637619167470087,MKC,39.12333333,-94.59277778,US,MO,centre,no
335,335,0.0012790865714899687,SAF,35.6175,-106.08833333,US,NM,west,no
336,336,0.9985150418448874,SCF,33.62277778,-111.91055556,US,AZ,west,no
337,337,0.22030623034962799,SPI,39.84416667,-89.67888889,US,IL,east,no
338,338,0.022170851175263948,TCM,47.13833333,-122.475,US,WA,west,no
339,339,0.31923525249141055,TTN,40.27805556,-74.8125,US,NJ,east,no
340,340,0.0010885084381893279,WRI,40.01555556,-74.59388889,US,NJ,east,no
341,341,0.6032380714093942,BKW,37.78194444,-81.12416667,US,WV,east,no
342,342,0.9985186747796108,PLN,45.57083333,-84.79277778,US,MI,east,no
343,343,0.07918762539382641,LSE,43.87722222,-91.25638889,US,WI,centre,no
344,344,0.5274936573455249,AZ3,33.52722222,-112.29527778,US,AZ,west,no
345,345,0.008920113766848528,BIS,46.77888889,-100.7525,US,ND,centre,no
346,346,0.003999302972929389,CSM,35.33972222,-99.20027778,US,OK,centre,no
347,347,0.0017444869435413637,FNL,40.44888889,-105.01027778,US,CO,west,no
348,348,0.3586776793567119,FTW,32.8175,-97.35861111,US,TX,centre,no
349,349,0.9989046555292991,GRI,40.96722222,-98.30666667,US,NE,centre,no
350,350,0.0023181648444322205,MFR,42.37361111,-122.87222222,US,OR,west,no
351,351,0.10949966258164674,MSO,46.91555556,-114.0875,US,MT,west,no
352,352,0.34930481780281714,RDM,44.25444444,-121.15138889,US,OR,west,no
353,353,0.4762661064488617,RFD,42.19722222,-89.0925,US,IL,east,no
354,354,0.4420158931055698,TWF,42.48194444,-114.48666667,US,ID,west,no
355,355,0.330208941193588,VCV,34.5975,-117.38305556,US,CA,west,no
356,356,0.24625582577394206,BAD,32.50166667,-93.6625,US,LA,centre,no
357,357,0.001494021653277724,LSV,36.23388889,-115.03361111,US,NV,west,no
358,358,0.4207698808288721,BAF,42.16,-72.71638889,US,MA,east,no
359,359,0.9981255306511412,BBX,40.13666667,-75.2675,US,PA,east,no
360,360,0.5858084377524675,UOS,35.20527778,-85.89805556,US,TN,east,no
361,361,0.05841447943529663,BCE,37.70638889,-112.14472222,US,UT,west,no
362,362,0.38279226253764,BLD,35.9475,-114.86111111,US,NV,west,no
363,363,0.9986332525095416,PGA,36.92638889,-111.44722222,US,AZ,west,no
364,364,0.011105613580199097,BCT,26.37083333,-80.10833333,US,FL,east,no
365,365,0.24590136684556077,BDY,43.0875,-124.40833333,US,OR,west,no
366,366,0.00514694858422927,EEN,42.90083333,-72.27083333,US,NH,east,no
367,367,0.05482369904757286,BFD,41.80222222,-78.63944444,US,PA,east,no
368,368,0.9808553460889528,DUJ,41.17833333,-78.89888889,US,PA,east,no
369,369,0.0014414088989509839,FKL,41.37777778,-79.86027778,US,PA,east,no
370,370,0.8765467411908888,JHW,42.15055556,-79.25805556,US,NY,east,no
371,371,0.997634840950805,ISN,48.17611111,-103.63611111,US,ND,centre,no
372,372,0.9982200355721158,LBF,41.12833333,-100.69666667,US,NE,centre,no
373,373,0.42394757526693166,SDY,47.70694444,-104.19194444,US,MT,west,no
374,374,0.3979609796894528,CLM,48.11888889,-123.49361111,US,WA,west,no
375,375,0.0011961535438954941,ESD,48.70833333,-122.9125,US,WA,west,no
376,376,0.8761434399169598,FRD,48.52638889,-123.02388889,US,WA,west,no
377,377,0.998893702403445,LPS,48.48277778,-122.93555556,US,WA,west,no
378,378,0.0012108510660806993,ONP,44.57944444,-124.05777778,US,OR,west,no
379,379,0.3467513858100944,PWT,47.485,-122.76333333,US,WA,west,no
380,380,0.997734925673607,RCE,48.61222222,-123.13861111,US,WA,west,no
381,381,0.09012222941482224,SQV,48.09777778,-123.18527778,US,WA,west,no
382,382,0.11646696712129877,VWE,47.86583333,-119.94277778,US,WA,west,no
383,383,0.6842206511349637,BFK,39.70166667,-104.75166667,US,CO,west,no
384,384,0.30985355604280784,SMX,34.905,-120.45777778,US,CA,west,no
385,385,0.9296645984318996,BFM,30.62638889,-88.06805556,US,AL,centre,no
386,386,0.2703265194583435,BGM,42.20138889,-75.96916667,US,NY,east,no
387,387,0.9985955770513258,IAG,43.10722222,-78.94555556,US,NY,east,no
388,388,0.7477294432118142,ILG,39.67833333,-75.6075,US,DE,east,no
389,389,0.8686225982049491,STP,44.93444444,-93.06,US,MN,centre,no
390,390,0.9973718078789725,HKY,35.74055556,-81.39,US,NC,east,no
391,391,0.8047418360321308,HTS,38.36694444,-82.55611111,US,WV,east,no
392,392,0.9439760752737658,BID,41.16666667,-71.57916667,US,RI,east,no
393,393,0.9964350343654975,BLM,40.18666667,-74.125,US,NJ,east,no
394,394,0.0020681538789383987,WST,41.35222222,-71.80416667,US,RI,east,no
395,395,0.7597921636030099,HOP,36.67277778,-87.49166667,US,KY,centre,no
396,396,0.9985988098753518,PSM,43.07777778,-70.82333333,US,NH,east,no
397,397,0.34431787863470903,SKF,29.38,-98.58388889,US,TX,centre,no
398,398,0.996155080119844,VOK,43.93833333,-90.26833333,US,WI,centre,no
399,399,0.3690890389538569,FLG,35.13777778,-111.67166667,US,AZ,west,no
400,400,0.8429420374723819,GCC,44.35138889,-105.525,US,WY,west,no
401,401,0.9108630584479174,GDV,47.13888889,-104.80694444,US,MT,west,no
402,402,0.0020340598664137007,GGW,48.21277778,-106.61555556,US,MT,west,no
403,403,0.9988478779639535,HVR,48.54444444,-109.76111111,US,MT,west,no
404,404,0.998088824789999,LWT,47.05111111,-109.47111111,US,MT,west,no
405,405,0.9116356344468851,MLS,46.43055556,-105.88055556,US,MT,west,no
406,406,0.7189139154472811,OLF,48.09472222,-105.56638889,US,MT,west,no
407,407,0.21386680802148006,SHR,44.77416667,-106.97722222,US,WY,west,no
408,408,0.998702377223969,CPR,42.90861111,-106.4625,US,WY,west,no
409,409,0.04378723984391933,DWH,30.06388889,-95.55972222,US,TX,centre,no
410,410,0.09785062502813739,BJI,47.50972222,-94.93472222,US,MN,centre,no
411,411,0.9970626622157871,SLK,44.38277778,-74.20666667,US,NY,east,no
412,412,0.0017169338499651886,DQR,35.98861111,-113.81,US,AZ,west,no
413,413,0.06987804375715975,DTH,36.46388889,-116.88055556,US,CA,west,no
414,414,0.0016778156519802537,GCN,35.95194444,-112.1475,US,AZ,west,no
415,415,0.8463598247394195,MYH,36.73388889,-111.75333333,US,AZ,west,no
416,416,0.0017736284998126214,SDX,34.84861111,-111.78777778,US,AZ,west,no
417,417,0.9985005341161116,SCK,37.89444444,-121.23916667,US,CA,west,no
418,418,0.8037306969616348,BLV,38.54277778,-89.85111111,US,IL,east,no
419,419,0.6710525744489937,BMG,39.14,-86.61472222,US,IN,east,no
420,420,0.6642178046301467,ELM,42.16083333,-76.89527778,US,NY,east,no
421,421,0.9984092247941617,ITH,42.49027778,-76.45805556,US,NY,east,no
422,422,0.9984679558322984,MQT,46.35361111,-87.39527778,US,MI,east,no
423,423,0.002271676130741277,LWS,46.37472222,-117.01444444,US,ID,west,no
424,424,0.25470324645406106,PUW,46.74472222,-117.105,US,WA,west,no
425,425,0.27831480545613785,RQZ,30.42888889,-86.68888889,US,FL,east,no
426,426,0.688700388068835,SUN,43.50416667,-114.30833333,US,ID,west,no
427,427,0.001314324656658291,LEB,43.62805556,-72.30583333,US,NH,east,no
428,428,0.7809714153937275,PBG,44.65083333,-73.46805556,US,NY,east,no
429,429,0.007840548426894663,PQI,46.685,-68.0475,US,ME,east,no
430,430,0.0014640373685020404,PVC,42.07194444,-70.22166667,US,MA,east,no
431,431,0.3498089427464044,RKD,44.05916667,-69.09805556,US,ME,east,no
432,432,0.57150448128972,RUT,43.52944444,-72.94833333,US,VT,east,no
433,433,0.6545044380652834,BRD,46.39722222,-94.1375,US,MN,centre,no
434,434,0.004355356165081038,BRL,40.78611111,-91.12333333,US,IA,centre,no
435,435,0.6952539765773842,ADS,32.96833333,-96.83611111,US,TX,centre,no
436,436,0.6128258664317624,BRO,25.90638889,-97.42555556,US,TX,centre,no
437,437,0.5287499976641491,BTL,42.30916667,-85.24777778,US,MI,east,no
438,438,0.9989305163212918,BTM,45.95111111,-112.49388889,US,MT,west,no
439,439,0.2561788172468952,TYR,32.35472222,-95.39888889,US,TX,centre,no
440,440,0.9987366788183538,MIE,40.23972222,-85.39444444,US,IN,east,no
441,441,0.5427657530406009,PKB,39.34555556,-81.43888889,US,WV,east,no
442,442,0.9989057030265628,RDG,40.37861111,-75.96388889,US,PA,east,no
443,443,0.20978026778920972,DWA,38.57916667,-121.85666667,US,CA,west,no
444,444,0.002350073289327693,FVG,33.96972222,-112.79638889,US,AZ,west,no
445,445,0.050848222874441434,GYR,33.42361111,-112.37416667,US,AZ,west,no
446,446,0.1407973953261038,HIO,45.54055556,-122.94861111,US,OR,west,no
447,447,0.9985193358087836,HSH,35.97277778,-115.13444444,US,NV,west,no
448,448,0.006167151446671558,MSC,33.46083333,-111.72833333,US,AZ,west,no
449,449,0.9175566037519243,OPF,25.90694444,-80.28027778,US,FL,east,no
450,450,0.6772706238827946,ORL,28.54416667,-81.33555556,US,FL,east,no
451,451,0.0010482515681367781,OTH,43.41888889,-124.24,US,OR,west,no
452,452,0.0009858586006485117,PDK,33.875,-84.30222222,US,GA,east,no
453,453,0.9914946199719399,PSF,42.42666667,-73.29166667,US,MA,east,no
454,454,0.9988452275457242,PVU,40.21805556,-111.72222222,US,UT,west,no
455,455,0.18991014819287533,RBD,32.68027778,-96.86722222,US,TX,centre,no
456,456,0.0025240348980767892,RIL,39.51805556,-107.77916667,US,CO,west,no
457,457,0.9989157199648523,SAA,41.445,-106.81,US,WY,west,no
458,458,0.16977965692557279,SAC,38.5125,-121.4925,US,CA,west,no
459,459,0.6502915736227857,SLN,38.79083333,-97.6525,US,KS,centre,no
460,460,0.24482012063237077,SPW,43.16388889,-95.20083333,US,IA,centre,no
461,461,0.866412445509745,STS,38.50916667,-122.81166667,US,CA,west,no
462,462,0.6523032532459855,TEX,37.95388889,-107.90833333,US,CO,west,no
463,463,0.9733687097735835,UGN,42.42138889,-87.86694444,US,IL,east,no
464,464,0.16172295138706974,VIS,36.31944444,-119.39388889,US,CA,west,no
465,465,0.20449137148285787,VWN,34.15055556,-114.27138889,US,AZ,west,no
466,466,0.9616309737450691,YKM,46.56694444,-120.53777778,US,WA,west,no
467,467,0.176018464181256,BVO,36.7625,-96.01083333,US,OK,centre,no
468,468,0.2389750201335757,BVY,42.58333333,-70.91555556,US,MA,east,no
469,469,0.014941486424136249,CGF,41.56527778,-81.48666667,US,OH,east,no
470,470,0.0021995918429104865,BWG,36.96222222,-86.42222222,US,KY,centre,no
471,471,0.0012082331666512123,EFD,29.60722222,-95.15861111,US,TX,centre,no
472,472,0.08384262746209463,FWH,32.76888889,-97.44111111,US,TX,centre,no
473,473,0.0015261475560675282,HGR,39.70777778,-77.73,US,MD,east,no
474,474,0.9982299694670868,LNS,40.12111111,-76.29972222,US,PA,east,no
475,475,0.9929613829347306,MRK,25.99472222,-81.67277778,US,FL,east,no
476,476,0.20243998896271986,OCF,29.17555556,-82.22694444,US,FL,east,no
477,477,0.9347986862214422,CAD,44.27583333,-85.41916667,US,MI,east,no
478,478,0.5145398994938074,CMI,40.03972222,-88.27972222,US,IL,east,no
479,479,0.7119968729218884,PIB,31.4675,-89.33666667,US,MS,centre,no
480,480,0.44118332550996275,TXK,33.45638889,-93.98916667,US,AR,centre,no
481,481,0.998488665153166,CDR,42.835,-103.09777778,US,NE,centre,no
482,482,0.3548874178658342,SHD,38.26388889,-78.89666667,US,VA,east,no
483,483,0.5459281113368268,CEZ,37.30277778,-108.62722222,US,CO,west,no
484,484,0.45605736515344886,FMN,36.74111111,-108.22916667,US,NM,west,no
485,485,0.5914920937850939,FSM,35.33666667,-94.3675,US,AR,centre,no
486,486,0.0021865537035150218,FXE,26.19694444,-80.17083333,US,FL,east,no
487,487,0.8951638379514846,CIC,39.79583333,-121.85666667,US,CA,west,no
488,488,0.9979510023112821,LAF,40.41194444,-86.93361111,US,IN,east,no
489,489,0.944135323763504,LCK,39.81416667,-82.93222222,US,OH,east,no
490,490,0.997831902959553,MCW,43.15694444,-93.32944444,US,IA,centre,no
491,491,0.6848769941270438,MGW,39.64277778,-79.91583333,US,WV,east,no
492,492,0.2273934040158232,CLD,33.12861111,-117.27972222,US,CA,west,no
493,493,0.7473252922051079,KEH,47.75472222,-122.25916667,US,WA,west,no
494,494,0.9702315240076209,LKE,47.62888889,-122.33861111,US,WA,west,no
495,495,0.9986917124902365,SBY,38.33861111,-75.51,US,MD,east,no
496,496,0.8997744493244897,STJ,39.77583333,-94.91,US,MO,centre,no
497,497,0.8457893924258842,CNY,38.75944444,-109.74611111,US,UT,west,no
498,498,0.45762414985197947,ELY,39.30194444,-114.84194444,US,NV,west,no
499,499,0.7648002702527052,COD,44.51583333,-109.0275,US,WY,west,no
500,500,0.9984874511850258,COE,47.775,-116.81777778,US,ID,west,no
501,501,0.8941566186467466,OFF,41.11833333,-95.91222222,US,NE,centre,no
502,502,0.0017646035128027334,SUU,38.2625,-121.92694444,US,CA,west,no
503,503,0.7392269584154241,VBG,34.72972222,-120.57583333,US,CA,west,no
504,504,0.004053473428370237,LCH,30.13111111,-93.22555556,US,LA,centre,no
505,505,0.6375484455012342,CPS,38.57138889,-90.15722222,US,MO,centre,no
506,506,0.9984350285065751,CRG,30.33638889,-81.51444444,US,FL,east,no
507,507,0.2627709117164572,CVS,34.385,-103.32388889,US,NM,west,no
508,508,0.9990269091873568,EAU,44.86444444,-91.48722222,US,WI,centre,no
509,509,0.2077823479241957,RSJ,48.63333333,-122.85,US,WA,west,no
510,510,0.3427853729371552,RKS,41.59638889,-109.06583333,US,WY,west,no
511,511,0.49836188553162475,WRL,43.9675,-107.95305556,US,WY,west,no
512,512,0.0011683064487854403,DOV,39.12694444,-75.46444444,US,DE,east,no
513,513,0.9984914903909604,DAG,34.85388889,-116.78611111,US,CA,west,no
514,514,0.006078642153527195,DBQ,42.41,-90.71083333,US,IA,centre,no
515,515,0.5816789043414833,SPS,33.98833333,-98.49194444,US,TX,centre,no
516,516,0.7920183796725664,DDC,37.76166667,-99.965,US,KS,centre,no
517,517,0.7981482348324282,GBD,38.34722222,-98.86416667,US,KS,centre,no
518,518,0.001135849721968492,GCK,37.92861111,-100.72972222,US,KS,centre,no
519,519,0.0007875472012219913,DEC,39.83416667,-88.86861111,US,IL,east,no
520,520,0.9894654085485366,DIK,46.79666667,-102.79638889,US,ND,centre,no
521,521,0.0014596655235955408,DRO,37.15,-107.75111111,US,CO,west,no
522,522,0.0017976643843030135,EAR,40.72833333,-98.99888889,US,NE,centre,no
523,523,0.984502038279718,HON,44.38361111,-98.22638889,US,SD,centre,no
524,524,0.001229934617619713,HYS,38.84611111,-99.27416667,US,KS,centre,no
525,525,0.0011287494783444993,IGM,35.25666667,-113.94,US,AZ,west,no
526,526,0.998275990410649,LBL,37.04444444,-100.96055556,US,KS,centre,no
527,527,0.004156050751272016,MCK,40.20611111,-100.59,US,NE,centre,no
528,528,0.5175205015571268,MUO,43.04361111,-115.87166667,US,ID,west,no
529,529,0.001740218402918064,MWH,47.205,-119.31555556,US,WA,west,no
530,530,0.6034433622800539,OGD,41.19638889,-112.01083333,US,UT,west,no
531,531,0.8311662733475819,PRC,34.65,-112.42416667,US,AZ,west,no
532,532,0.007929488166121237,RIW,43.06444444,-108.45694444,US,WY,west,no
533,533,0.2761741639074243,VEL,40.43888889,-109.51027778,US,UT,west,no
534,534,0.0038286740166325484,DET,42.40666667,-83.00833333,US,MI,east,no
535,535,0.21974821360194133,NTD,34.12027778,-119.12,US,CA,west,no
536,536,0.8639456451480019,ROW,33.30166667,-104.53055556,US,NM,west,no
537,537,0.43613252675147707,INL,48.56305556,-93.40416667,US,MN,centre,no
538,538,0.0019031463759462029,DMA,32.16638889,-110.8825,US,AZ,west,no
539,539,0.21517860802088964,DPA,41.91555556,-88.24666667,US,IL,east,no
540,540,0.2300581428590799,AZ4,33.7875,-113.6425,US,AZ,west,no
541,541,0.46644180616602293,L41,36.8125,-111.64666667,US,AZ,west,no
542,542,0.0010522296429288807,DRT,29.37416667,-100.92722222,US,TX,centre,no
543,543,0.9226558352254527,UIN,39.94416667,-91.19722222,US,IL,east,no
544,544,0.0010195790662242807,ESC,45.72055556,-87.08666667,US,MI,east,no
545,545,0.9983330687661398,IMT,45.81555556,-88.11416667,US,MI,east,no
546,546,0.8590198283145467,DVL,48.11305556,-98.9075,US,ND,centre,no
547,547,0.0045069848766246005,JMS,46.93,-98.67833333,US,ND,centre,no
548,548,0.9977372983939583,EAT,47.39972222,-120.20777778,US,WA,west,no
549,549,0.00642720065940886,RHI,45.63138889,-89.4575,US,WI,centre,no
550,550,0.42644080876513346,EDW,34.9,-117.86666667,US,CA,west,no
551,551,0.9983088129663408,INS,36.58722222,-115.67333333,US,NV,west,no
552,552,0.5535818128009895,EKI,41.72222222,-85.99222222,US,IN,east,no
553,553,0.7334101346209174,EKO,40.82388889,-115.78972222,US,NV,west,no
554,554,0.3566860034126214,ELD,33.22055556,-92.81472222,US,AR,centre,no
555,555,0.3471250459134814,LGU,41.7875,-111.855,US,UT,west,no
556,556,0.4602342117391111,YUM,32.65666667,-114.60583333,US,AZ,west,no
557,557,0.11948838571056562,MOD,37.62694444,-120.95527778,US,CA,west,no
558,558,0.0013422694005443588,OTS,48.49916667,-122.66111111,US,WA,west,no
559,559,0.06677204366414298,ESN,38.80277778,-76.06777778,US,MD,east,no
560,560,0.31843605471053205,SBM,43.77166667,-87.85222222,US,WI,centre,no
561,561,0.7786033996286714,FFO,39.82611111,-84.04833333,US,OH,east,no
562,562,0.9985853269223579,PAM,30.06972222,-85.57611111,US,FL,east,no
563,563,0.42712636660926995,FFT,38.1825,-84.90472222,US,KY,centre,no
564,564,0.09410309942750662,FHB,30.61194444,-81.46111111,US,FL,east,no
565,565,0.9989748720518098,MTN,39.32555556,-76.41388889,US,MD,east,no
566,566,0.9978102856203929,FHU,31.58888889,-110.34305556,US,AZ,west,no
567,567,0.001309898888441171,FID,41.25138889,-72.03166667,US,NY,east,no
568,568,0.9398993132532008,GUF,30.29055556,-87.67166667,US,AL,centre,no
569,569,0.6733399261808904,MQY,36.00888889,-86.52,US,TN,east,no
570,570,0.004758047242143642,PGR,36.06388889,-90.50916667,US,AR,centre,no
571,571,0.0011349403842729614,SOW,34.26444444,-110.00416667,US,AZ,west,no
572,572,0.9978486755867093,FOD,42.5525,-94.18972222,US,IA,centre,no
573,573,0.48540623010474937,LRU,32.29083333,-106.92166667,US,NM,west,no
574,574,0.0588182202179352,FOK,40.84361111,-72.63222222,US,NY,east,no
575,575,0.9985836303362797,NPT,41.53083333,-71.2825,US,RI,east,no
576,576,0.3212797069858822,NY3,42.45,-75.01638889,US,NY,east,no
577,577,0.656540275518276,FPR,27.49305556,-80.36777778,US,FL,east,no
578,578,0.9985760748388581,NUW,48.35222222,-122.65416667,US,WA,west,no
579,579,0.9981615102990827,WSX,48.66666667,-122.88333333,US,WA,west,no
580,580,0.32981507088946543,CNO,33.97083333,-117.64138889,US,CA,west,no
581,581,0.3001767834667981,FTY,33.77916667,-84.52138889,US,GA,east,no
582,582,0.9985764185178514,FVO,45.24722222,-122.77,US,OR,west,no
583,583,0.4909697531302721,GON,41.32888889,-72.04638889,US,CT,east,no
584,584,0.16138663393313282,GAI,39.16833333,-77.16611111,US,MD,east,no
585,585,0.6551626263612252,MVM,36.70972222,-110.23694444,US,AZ,west,no
586,586,0.9983883105089176,UXR,37.01555556,-110.19916667,US,UT,west,no
587,587,0.9801283292966406,GED,38.68916667,-75.35888889,US,DE,east,no
588,588,0.025442996475285123,GFL,43.34444444,-73.60916667,US,NY,east,no
589,589,0.9973769584408573,MCD,45.86472222,-84.63722222,US,MI,east,no
590,590,0.6849730388857633,NYL,32.65666667,-114.60583333,US,AZ,west,no
591,591,0.07819449793191739,GSB,35.33972222,-77.96,US,NC,east,no
592,592,0.0014232441836733551,GTU,30.67888889,-97.67944444,US,TX,centre,no
593,593,0.30640297185779763,GUS,40.64805556,-86.15222222,US,IN,east,no
594,594,0.0014587934626044132,HAO,39.36444444,-84.52472222,US,OH,east,no
595,595,0.1830479026817984,HBV,27.34944444,-98.73694444,US,TX,centre,no
596,596,0.3466205620975921,VWK,43.05083333,-73.86111111,US,NY,east,no
597,597,0.9980064008903847,NKT,34.9025,-76.88138889,US,NC,east,no
598,598,0.0017161818839664929,HIB,47.38861111,-92.83861111,US,MN,centre,no
599,599,0.002336727956411586,TVF,48.06611111,-96.185,US,MN,centre,no
600,600,0.13440907365473803,HIF,41.12361111,-111.97194444,US,UT,west,no
601,601,0.4075202711679157,HMN,32.85138889,-106.10166667,US,NM,west,no
602,602,0.4666664956758645,HOT,34.47888889,-93.09611111,US,AR,centre,no
603,603,0.9965403809300972,NZY,32.69916667,-117.21444444,US,CA,west,no
604,604,0.9869468577217166,FCM,44.82722222,-93.45722222,US,MN,centre,no
605,605,0.9986825181997571,IOW,41.64027778,-91.54722222,US,IA,centre,no
606,606,0.4902615229906326,JZI,36.59277778,-86.47666667,US,TN,east,no
607,607,0.9982401924632307,MNZ,38.72194444,-77.51805556,US,VA,east,no
608,608,0.733528619706797,NY4,44.67666667,-74.94833333,US,NY,east,no
609,609,0.07552393110608391,OH5,39.24666667,-84.38888889,US,OH,east,no
610,610,0.8294972351350398,PWA,35.53277778,-97.64916667,US,OK,centre,no
611,611,0.5273133856008098,PYM,41.90972222,-70.72944444,US,MA,east,no
612,612,0.9986536416517541,RAC,42.76111111,-87.81388889,US,WI,centre,no
613,613,0.0017632722447267928,ROG,36.37222222,-94.10694444,US,AR,centre,no
614,614,0.7830902976246783,RQR,45.42555556,-84.91333333,US,MI,east,no
615,615,0.8319040945576917,TMB,25.64583333,-80.43194444,US,FL,east,no
616,616,0.006908669871483723,UBF,41.68805556,-69.99,US,MA,east,no
617,617,0.9989619658071527,UES,43.03833333,-88.23,US,WI,centre,no
618,618,0.9987089025438384,UST,29.95861111,-81.33888889,US,FL,east,no
619,619,0.13253886619976032,VRB,27.6525,-80.41361111,US,FL,east,no
620,620,0.2996568245327402,WDG,36.37916667,-97.79083333,US,OK,centre,no
621,621,0.705984619088701,WVL,44.53388889,-69.67583333,US,ME,east,no
622,622,0.9886928345147162,HRO,36.26166667,-93.15555556,US,AR,centre,no
623,623,0.9961142764046801,HST,25.48805556,-80.38416667,US,FL,east,no
624,624,0.5891673009829921,VCT,28.85111111,-96.91444444,US,TX,centre,no
625,625,0.11411723824961834,ID1,43.74194444,-111.09777778,US,ID,west,no
626,626,0.9979846045031955,LMT,42.16305556,-121.73583333,US,OR,west,no
627,627,0.0012944144609009236,STC,45.54527778,-94.05833333,US,MN,centre,no
628,628,0.2376484335112078,MI4,44.62527778,-86.20083333,US,MI,east,no
629,629,0.9978398801964597,IPL,32.83722222,-115.57472222,US,CA,west,no
630,630,0.9963048620491324,IPT,41.24222222,-76.92055556,US,PA,east,no
631,631,0.9915781849350739,IRK,40.0925,-92.54388889,US,MO,centre,no
632,632,0.9986003067260335,IWD,46.52555556,-90.13166667,US,MI,east,no
633,633,0.05307447821162598,JBR,35.83,-90.64833333,US,AR,centre,no
634,634,0.9964697843036923,JLN,37.14972222,-94.49777778,US,MO,centre,no
635,635,0.0011991573460458731,TBN,37.74138889,-92.14055556,US,MO,centre,no
636,636,0.998418682531844,JZL,33.02333333,-118.58805556,US,CA,west,no
637,637,0.0019716641159280013,MVW,48.47027778,-122.41055556,US,WA,west,no
638,638,0.5766689322631801,SSW,48.675,-123.17361111,US,WA,west,no
639,639,0.693417679940187,XXV,48.50416667,-122.81388889,US,WA,west,no
640,640,0.9715791999741744,LAL,27.98888889,-82.01472222,US,FL,east,no
641,641,0.0014360352086034965,MCE,37.28472222,-120.51277778,US,CA,west,no
642,642,0.03522539159201432,SGR,29.62222222,-95.65666667,US,TX,centre,no
643,643,0.07995906632781191,TVL,38.89416667,-119.99444444,US,CA,west,no
644,644,0.9573482472863949,WMC,40.89777778,-117.80361111,US,NV,west,no
645,645,0.4927306156719639,MMH,37.63111111,-118.85138889,US,CA,west,no
646,646,0.8230807242443501,OSH,43.98388889,-88.55694444,US,WI,centre,no
647,647,0.001483396852910353,OXR,34.20111111,-119.20638889,US,CA,west,no
648,648,0.5028077263674069,SVN,32.01,-81.14583333,US,GA,east,no
649,649,0.9972682920700476,LEW,44.0475,-70.28388889,US,ME,east,no
650,650,0.9987906995688042,CGS,38.98055556,-76.92277778,US,MD,east,no
651,651,0.24532703456560892,LFI,37.08277778,-76.36083333,US,VA,east,no
652,652,0.12251641902296262,LJN,29.03833333,-95.45694444,US,TX,centre,no
653,653,0.0009392913420138484,BYW,48.57916667,-122.825,US,WA,west,no
654,654,0.1291217221283773,ODW,48.25333333,-122.6725,US,WA,west,no
655,655,0.02040582127016847,TIW,47.26805556,-122.57694444,US,WA,west,no
656,656,0.03810197312123671,TWD,48.05,-122.8,US,WA,west,no
657,657,0.4031735968870189,SSI,31.15055556,-81.38944444,US,GA,east,no
658,658,0.5624076525966983,LRO,37.83666667,-121.27222222,US,CA,west,no
659,659,0.9972617471395461,SSC,33.97277778,-80.47305556,US,SC,east,no
660,660,0.0009919475491511945,LZU,33.97777778,-83.96222222,US,GA,east,no
661,661,0.1352549247631318,MBL,44.27388889,-86.25333333,US,MI,east,no
662,662,0.15280480195293686,MCC,38.66777778,-121.39944444,US,CA,west,no
663,663,0.9987313363398278,PAH,37.06111111,-88.7725,US,KY,centre,no
664,664,0.5769629480101822,MFH,36.835,-114.05527778,US,NV,west,no
665,665,0.7982508178577254,MHV,35.06666667,-118.15,US,CA,west,no
666,666,0.0011260525886924318,NQX,24.57527778,-81.68916667,US,FL,east,no
667,667,0.7541398720684653,VYS,41.35194444,-89.15305556,US,IL,east,no
668,668,0.0011182626164196313,MO2,38.5875,-90.99388889,US,MO,centre,no
669,669,0.9717921999458571,MPV,44.20333333,-72.56666667,US,VT,east,no
670,670,0.43888913530790646,SD2,43.22166667,-99.40333333,US,SD,centre,no
671,671,0.06804856667503507,MTC,42.60083333,-82.83722222,US,MI,east,no
672,672,0.5760111300547363,MTH,24.72611111,-81.05138889,US,FL,east,no
673,673,0.8060529776947121,MTP,41.07666667,-71.92055556,US,NY,east,no
674,674,0.0012823076222531337,MYF,32.81583333,-117.13944444,US,CA,west,no
675,675,0.002804384338244372,NIP,30.23416667,-81.67527778,US,FL,east,no
676,676,0.9041874173519137,NHK,38.29166667,-76.41638889,US,MD,east,no
677,677,0.0949192791010953,TIK,35.41833333,-97.38888889,US,OK,centre,no
678,678,0.8729524369075878,NJK,32.8275,-115.66888889,US,CA,west,no
679,679,0.9534546174646812,NKX,32.86916667,-117.14361111,US,CA,west,no
680,680,0.4123955096358815,NY1,41.98527778,-73.96416667,US,NY,east,no
681,681,0.472306308992529,NY2,43.35083333,-76.38805556,US,NY,east,no
682,682,0.5150804444790553,NY5,41.7075,-73.73805556,US,NY,east,no
683,683,0.0014017173785156884,LCI,43.57138889,-71.42111111,US,NH,east,no
684,684,0.958183956070884,OLM,46.97361111,-122.90333333,US,WA,west,no
685,685,0.4388217251961522,MDH,37.78138889,-89.24694444,US,IL,east,no
686,686,0.0012530454456501235,CLU,39.26194444,-85.89638889,US,IN,east,no
687,687,0.9986439536452151,VGC,42.84388889,-75.56138889,US,NY,east,no
688,688,0.910952049296103,WGO,39.14111111,-78.14277778,US,VA,east,no
689,689,0.605989910583392,PDT,45.69833333,-118.83611111,US,OR,west,no
690,690,0.006802756469340455,PGS,35.52833333,-113.24666667,US,AZ,west,no
691,691,0.002204639597938778,LWM,42.7175,-71.1225,US,MA,east,no
692,692,0.38018256618445884,PWK,42.1125,-87.90111111,US,IL,east,no
693,693,0.5224195063369825,UDD,33.74833333,-116.27416667,US,CA,west,no
694,694,0.0012694996607983012,PNE,40.08027778,-75.0125,US,PA,east,no
695,695,0.6229439807203466,POU,41.62805556,-73.88277778,US,NY,east,no
696,696,0.228458318472371,RNT,47.49305556,-122.21583333,US,WA,west,no
697,697,0.8876194782730957,U36,42.92111111,-112.88111111,US,ID,west,no
698,698,0.9953747019420037,SCH,42.8525,-73.93,US,NY,east,no
699,699,0.3640311324558461,C01,34.21388889,-119.09444444,US,CA,west,no
700,700,0.5441625199350212,SGH,39.83833333,-83.83972222,US,OH,east,no
701,701,0.9988395791414129,SGU,37.09305556,-113.59222222,US,UT,west,no
702,702,0.9991866419285164,BIX,30.41111111,-88.92361111,US,MS,centre,no
703,703,0.0011123247432726982,WYS,44.68666667,-111.10472222,US,MT,west,no
704,704,0.8172687094734503,MVL,44.53583333,-72.61444444,US,VT,east,no
705,705,0.001878784877977476,UXO,42.55416667,-71.75888889,US,MA,east,no
706,706,0.8177673465735767,TKF,39.32,-120.13944444,US,CA,west,no
707,707,0.6868490156346025,TN2,36.05583333,-85.53083333,US,TN,east,no
708,708,0.0017221502306081424,UT1,40.48194444,-111.42888889,US,UT,west,no
709,709,0.00138048718923708,VAD,30.96833333,-83.19305556,US,GA,east,no
710,710,0.9981011423234151,TIX,28.51222222,-80.79944444,US,FL,east,no
711,711,0.4318924923111372,WJF,34.74055556,-118.22,US,CA,west,no
712,712,0.0013027354528774824,SC1,32.4775,-80.72305556,US,SC,east,no
713,713,0.13793724206102528,,,,,,,
714,714,0.9660779342001113,,,,,,,
715,715,0.005042590193197915,,,,,,,
716,716,0.0017750295307092656,,,,,,,
717,717,0.997907282176226,,,,,,,
718,718,0.0009680775773625608,,,,,,,
719,719,0.3887364031078105,,,,,,,
720,720,0.9983913848729463,,,,,,,
721,721,0.45001012641248933,,,,,,,
722,722,0.219090029078858,,,,,,,
723,723,0.019365815219730884,,,,,,,
724,724,0.0020343110659959106,,,,,,,
725,725,0.9988693719142999,,,,,,,
726,726,0.2093517671252781,,,,,,,
727,727,0.13010233038930363,,,,,,,
728,728,0.8138634944086895,,,,,,,
729,729,0.5379606628136611,,,,,,,
730,730,0.8138396624943162,,,,,,,
731,731,0.271981198470266,,,,,,,
732,732,0.33264196399646523,,,,,,,
733,733,0.8855481568704997,,,,,,,
734,734,0.0017352200211460782,,,,,,,
735,735,0.649719632368169,,,,,,,
736,736,0.994145852047728,,,,,,,
737,737,0.002152570074689816,,,,,,,
738,738,0.7091223270260801,,,,,,,
739,739,0.47489351271310914,,,,,,,
740,740,0.1467957851363355,,,,,,,
741,741,0.002336616667523579,,,,,,,
742,742,0.049106291525900854,,,,,,,
743,743,0.7840875229998098,,,,,,,
744,744,0.9637420073164958,,,,,,,
745,745,0.9086699454404134,,,,,,,
746,746,0.0319888894844649,,,,,,,
747,747,0.0012763838797568402,,,,,,,
748,748,0.0018831659108926398,,,,,,,
749,749,0.00164200819921493,,,,,,,
750,750,0.4011125331866157,,,,,,,
751,751,0.4294698828914615,,,,,,,
752,752,0.17808694747267592,,,,,,,
753,753,0.0007661459310431805,,,,,,,
754,754,0.9988838314462409,,,,,,,
755,755,0.570416048899474,,,,,,,
756,756,0.5559913164772562,,,,,,,
757,757,0.7539921842504471,,,,,,,
758,758,0.7349754364580976,,,,,,,
759,759,0.9986702059351634,,,,,,,
760,760,0.9989503155402912,,,,,,,
761,761,0.6407675368932584,,,,,,,
762,762,0.8348929665821988,,,,,,,
763,763,0.2971444469133099,,,,,,,
764,764,0.9986790634028591,,,,,,,
765,765,0.18779093622160783,,,,,,,
766,766,0.30322536627397223,,,,,,,
767,767,0.08322272870233509,,,,,,,
768,768,0.16911748138600227,,,,,,,
769,769,0.16450839462384773,,,,,,,
770,770,0.3244992856282485,,,,,,,
771,771,0.5730373644141975,,,,,,,
772,772,0.6980007494587802,,,,,,,
773,773,0.7795648353416704,,,,,,,
774,774,0.001755527317535515,,,,,,,
775,775,0.43564723935607,,,,,,,
776,776,0.0014536020109745965,,,,,,,
777,777,0.27830814580066887,,,,,,,
778,778,0.28444916944856274,,,,,,,
779,779,0.6167593353898823,,,,,,,
780,780,0.001594447677219017,,,,,,,
781,781,0.21231166074656613,,,,,,,
782,782,0.8167932128839164,,,,,,,
783,783,0.21749614814839324,,,,,,,
784,784,0.46775932605415355,,,,,,,
785,785,0.8238671996827911,,,,,,,
786,786,0.727103515340484,,,,,,,
787,787,0.5416904440805203,,,,,,,
788,788,0.18814704800730117,,,,,,,
789,789,0.5358156365883924,,,,,,,
790,790,0.8469724854629542,,,,,,,
791,791,0.7607005225372863,,,,,,,
792,792,0.001597912525245641,,,,,,,
793,793,0.7160253928596063,,,,,,,
794,794,0.9981770162956178,,,,,,,
795,795,0.4155615390310786,,,,,,,
796,796,0.8610564371169753,,,,,,,
797,797,0.0011537014778965605,,,,,,,
798,798,0.8334830247445197,,,,,,,
799,799,0.0022977417147149472,,,,,,,
800,800,0.9966760219186823,,,,,,,
801,801,0.0011585173854705667,,,,,,,
802,802,0.258388487631691,,,,,,,
803,803,0.2565699665508851,,,,,,,
804,804,0.0014314948513018144,,,,,,,
805,805,0.9981248890964719,,,,,,,
806,806,0.9154106439140044,,,,,,,
807,807,0.8641852130047716,,,,,,,
808,808,0.6408952424279524,,,,,,,
809,809,0.9989870567615793,,,,,,,
810,810,0.9984035264359313,,,,,,,
811,811,0.0020740609427233455,,,,,,,
812,812,0.9985941545903687,,,,,,,
813,813,0.9971184214854883,,,,,,,
814,814,0.5701866168194634,,,,,,,
815,815,0.861367552261825,,,,,,,
816,816,0.5182965437227606,,,,,,,
817,817,0.8564165487431709,,,,,,,
818,818,0.10198814622697258,,,,,,,
819,819,0.9986911973209841,,,,,,,
820,820,0.6421794570770208,,,,,,,
821,821,0.001164022804762362,,,,,,,
822,822,0.3925066618714679,,,,,,,
823,823,0.798996840243052,,,,,,,
824,824,0.4672070185646929,,,,,,,
825,825,0.4593502549962288,,,,,,,
826,826,0.2448695755409762,,,,,,,
827,827,0.7083701740663508,,,,,,,
828,828,0.0024186694154362267,,,,,,,
829,829,0.9981447690713497,,,,,,,
830,830,0.9964635550216372,,,,,,,
831,831,0.4684329834194203,,,,,,,
832,832,0.6350911880270518,,,,,,,
833,833,0.9608134421531821,,,,,,,
834,834,0.060754254562948425,,,,,,,
835,835,0.44242959683174604,,,,,,,
836,836,0.9544008381193334,,,,,,,
837,837,0.6338068413337352,,,,,,,
838,838,0.0015227793956573035,,,,,,,
839,839,0.01345926038223159,,,,,,,
840,840,0.07780638496618374,,,,,,,
841,841,0.011723605461381442,,,,,,,
842,842,0.21736598296798637,,,,,,,
843,843,0.6267993718539245,,,,,,,
844,844,0.998791974926318,,,,,,,
845,845,0.2999966258828908,,,,,,,
846,846,0.9757588817986598,,,,,,,
847,847,0.9986498435930442,,,,,,,
848,848,0.5256820124125489,,,,,,,
849,849,0.49072802331236876,,,,,,,
850,850,0.2621909601290155,,,,,,,
851,851,0.0014727387738967988,,,,,,,
852,852,0.11758657299544562,,,,,,,
853,853,0.000982690733499048,,,,,,,
854,854,0.9985922426433517,,,,,,,
855,855,0.1528333590813081,,,,,,,
856,856,0.7260109829177347,,,,,,,
857,857,0.6043119840741259,,,,,,,
858,858,0.9928218568936975,,,,,,,
859,859,0.6005200216153995,,,,,,,
860,860,0.999041503529008,,,,,,,
861,861,0.7062310573381754,,,,,,,
862,862,0.13310122938661054,,,,,,,
