,index,x0,x1,sigma,c,t,w,iata,latitude,longitude,country,state,region,hub
0,0,0.437864215925324,-1.554102984905605,,0.0,0.0,,1G4,35.99027778,-113.81638889,US,AZ,west,no
1,1,0.5719808282205324,-1.4187537897694973,,0.0,0.0,,DQS,36.25972222,-113.23138889,US,AZ,west,no
2,2,0.45346902615555884,-1.2607383912677115,,0.0,0.0,,VGT,36.2125,-115.19694444,US,NV,west,no
3,3,0.46122082974217526,-1.575009662781195,,0.0,0.0,,6B0,43.98472222,-73.09583333,US,VT,east,no
4,4,0.6053139846133128,-1.7310234545560559,,0.0,0.0,,HPN,41.06888889,-73.70777778,US,NY,east,no
5,5,0.3373413128573385,-1.823020379741827,,0.0,0.0,,ABE,40.65472222,-75.43833333,US,PA,east,no
6,6,0.8133923709894396,-2.156507408059976,,0.0,0.0,,ALO,42.55611111,-92.39972222,US,IA,centre,no
7,7,0.8088547359130056,-1.3537358069231484,,0.0,0.0,,ATL,33.64083333,-84.42722222,US,GA,east,yes
8,8,0.44783518136497774,-2.0086153419441457,,0.0,0.0,,ATW,44.25777778,-88.52,US,WI,centre,no
9,9,0.8523313640045098,-1.925091556908562,,0.0,0.0,,AZO,42.23638889,-85.55361111,US,MI,east,no
10,10,0.8575012197349726,-1.0976162578415445,,0.0,0.0,,BHM,33.56305556,-86.75555556,US,AL,centre,no
11,11,0.9403632033459857,-1.7832732423001123,,0.0,0.0,,BIF,31.84944444,-106.37944444,US,TX,centre,no
12,12,0.5436282842999401,-2.084474078006129,,0.0,0.0,,BNA,36.12666667,-86.68194444,US,TN,east,yes
13,13,0.5549173940237511,-1.7662924156483055,,0.0,0.0,,CHS,32.89916667,-80.03888889,US,SC,east,no
14,14,0.639516347230837,-1.2262283897675208,,0.0,0.0,,CID,41.88444444,-91.70611111,US,IA,centre,no
15,15,0.5676595894774791,-1.7090585368122004,,0.0,0.0,,CLE,41.41083333,-81.84944444,US,OH,east,yes
16,16,1.035183651005126,-1.581772330802181,,0.0,0.0,,CLT,35.21916667,-80.93583333,US,NC,east,no
17,17,0.6907368213848617,-2.053414922390725,,0.0,0.0,,DAY,39.90111111,-84.22,US,OH,east,no
18,18,0.9202632547050034,-1.4712763612973556,,0.0,0.0,,DFW,32.89444444,-97.02972222,US,TX,centre,yes
19,19,0.8914214168365493,-1.9973752243155793,,0.0,0.0,,DLH,46.8425,-92.19027778,US,MN,centre,no
20,20,0.5535316848469805,-1.9754372890675707,,0.0,0.0,,DSM,41.53388889,-93.65666667,US,IA,centre,no
21,21,0.9817437619624108,-1.990944843140464,,0.0,0.0,,DTW,42.21666667,-83.34444444,US,MI,east,yes
22,22,0.5264725720887377,-1.4958741516539793,,0.0,0.0,,ERI,42.08,-80.17861111,US,PA,east,no
23,23,0.8024648982891623,-2.2655045895590162,,0.0,0.0,,FLL,26.07416667,-80.15166667,US,FL,east,yes
24,24,0.8544956729289449,-1.7879124491867442,,0.0,0.0,,FNT,42.96666667,-83.74166667,US,MI,east,no
25,25,0.5085746242793886,-2.26434112649515,,0.0,0.0,,GPT,30.40611111,-89.07027778,US,MS,centre,no
26,26,0.653400155068971,-1.3737320001103146,,0.0,0.0,,GRB,44.48805556,-88.13055556,US,WI,centre,no
27,27,0.7151557036818177,-2.172719497370768,,0.0,0.0,,GSP,34.89888889,-82.21388889,US,SC,east,no
28,28,0.4540675032218486,-1.2488582507610837,,0.0,0.0,,HSV,34.64277778,-86.77555556,US,AL,centre,no
29,29,0.5089766251769291,-1.2241966401976205,,0.0,0.0,,IAD,38.94166667,-77.4575,US,VA,east,yes
30,30,0.4425175110753154,-2.092718165055174,,0.0,0.0,,ICT,37.65,-97.43277778,US,KS,centre,no
31,31,0.3732635840631524,-2.0218392566849746,,0.0,0.0,,ILM,34.26694444,-77.90388889,US,NC,east,no
32,32,0.6527337224478662,-1.4619278596978629,,0.0,0.0,,IND,39.72888889,-86.28166667,US,IN,east,no
33,33,0.3561390257143975,-2.0191062146759093,,0.0,0.0,,JAX,30.48472222,-81.68777778,US,FL,east,no
34,34,0.4312737701095026,-1.7477202993199232,,0.0,0.0,,JFK,40.63861111,-73.77694444,US,NY,east,yes
35,35,0.5524074048629813,-1.4192252099804818,,0.0,0.0,,LBE,40.27638889,-79.40277778,US,PA,east,no
36,36,0.6394238483754071,-2.0592453065724583,,0.0,0.0,,LEX,38.03972222,-84.60222222,US,KY,centre,no
37,37,0.7434347124192141,-1.3350829574544714,,0.0,0.0,,LGA,40.77944444,-73.87583333,US,NY,east,no
38,38,0.5343800321518356,-1.7592653455778737,,0.0,0.0,,LIT,34.72916667,-92.23444444,US,AR,centre,no
39,39,0.34963194942348796,-1.75966613534235,,0.0,0.0,,MCI,39.2975,-94.71388889,US,MO,centre,no
40,40,0.7530872266129833,-0.9849010320532225,,0.0,0.0,,MCO,28.43166667,-81.32472222,US,FL,east,no
41,41,0.5992027780312538,-1.9109487563257184,,0.0,0.0,,MDW,41.785,-87.75194444,US,IL,east,no
42,42,0.7352325177333537,-1.4915255093263566,,0.0,0.0,,MEM,35.04972222,-89.97861111,US,TN,east,no
43,43,0.44781862902158714,-1.924057802456356,,0.0,0.0,,MKE,42.95027778,-87.89722222,US,WI,centre,no
44,44,0.45424991238693385,-1.704495411198243,,0.0,0.0,,MLI,41.44888889,-90.505,US,IL,east,no
45,45,0.9915929020337662,-2.0718804286986483,,0.0,0.0,,MSN,43.14194444,-89.33694444,US,WI,centre,no
46,46,0.5071967743662376,-1.7535431759246767,,0.0,0.0,,MYR,33.67916667,-78.92972222,US,SC,east,no
47,47,0.8958085153906099,-1.6104921832426575,,0.0,0.0,,ORD,41.97805556,-87.90611111,US,IL,east,yes
48,48,0.3274304228010499,-1.792242405894946,,0.0,0.0,,PGD,26.91916667,-81.99138889,US,FL,east,no
49,49,0.5996734107392059,-1.8737392998655287,,0.0,0.0,,PHL,39.86805556,-75.24861111,US,PA,east,no
50,50,0.927470369997716,-1.6506611745918551,,0.0,0.0,,PIE,27.90722222,-82.68555556,US,FL,east,no
51,51,0.6262338980174144,-1.2949238471198654,,0.0,0.0,,PIT,40.49666667,-80.23583333,US,PA,east,no
52,52,0.5788709283299319,-3.177163224593478,,0.0,0.0,,PUB,38.29277778,-104.49611111,US,CO,west,no
53,53,0.7988255455807537,-1.2912689332028628,,0.0,0.0,,RIC,37.50527778,-77.31972222,US,VA,east,no
54,54,0.34635718066009724,-1.8278058494124616,,0.0,0.0,,ROA,37.32472222,-79.97638889,US,VA,east,no
55,55,1.0536922395691088,-2.2093780891256425,,0.0,0.0,,RSW,26.53611111,-81.755,US,FL,east,no
56,56,0.7222022693186123,-1.7676308407746395,,0.0,0.0,,SFB,28.775,-81.24027778,US,FL,east,no
57,57,0.44411470223136384,-0.15828137171281262,,0.0,0.0,,SRQ,27.39388889,-82.55416667,US,FL,east,no
58,58,0.8584907746800622,-1.6204473199819807,,0.0,0.0,,STL,38.74722222,-90.36444444,US,MO,centre,no
59,59,0.5648788864811376,-2.137492420493897,,0.0,0.0,,TUL,36.19777778,-95.88972222,US,OK,centre,no
60,60,0.6215903661376709,-1.1133137925033607,,0.0,0.0,,UTM,34.68083333,-90.34638889,US,MS,centre,no
61,61,0.6156644717952885,-1.8506618190239033,,0.0,0.0,,VPS,30.48333333,-86.52527778,US,FL,east,no
62,62,0.9998268659041624,-1.9660920596136893,,0.0,0.0,,ABI,32.40944444,-99.67972222,US,TX,centre,no
63,63,0.47621954869499866,-1.2897094746686866,,0.0,0.0,,ELP,31.80666667,-106.37722222,US,TX,centre,no
64,64,0.41702597258317187,-1.3638611216462468,,0.0,0.0,,ENV,40.71861111,-114.03388889,US,UT,west,no
65,65,0.7582306012610702,-1.9353166927973275,,0.0,0.0,,GGG,32.38666667,-94.71527778,US,TX,centre,no
66,66,0.6335206487346409,-2.099907596669778,,0.0,0.0,,IFP,35.16444444,-114.56527778,US,AZ,west,no
67,67,0.8529319570739657,-1.2474401413833036,,0.0,0.0,,SJT,31.35972222,-100.49444444,US,TX,centre,no
68,68,0.7002391080185704,-2.074565225529613,,0.0,0.0,,SLC,40.78416667,-111.96694444,US,UT,west,no
69,69,1.0464606225606938,-1.7026653662048863,,0.0,0.0,,SMO,34.01611111,-118.45083333,US,CA,west,no
70,70,1.050998620298685,-1.4368869728902396,,0.0,0.0,,ABQ,35.04166667,-106.60638889,US,NM,west,no
71,71,0.45753901414110704,-2.072021481090051,,0.0,0.0,,ALB,42.74583333,-73.80527778,US,NY,east,no
72,72,0.6140868286893543,-1.7445448438334612,,0.0,0.0,,ALM,32.83972222,-105.99,US,NM,west,no
73,73,0.8987712796706884,-1.2937940580614324,,0.0,0.0,,AMA,35.22722222,-101.72194444,US,TX,centre,no
74,74,0.5258303228395981,-1.8160314685582584,,0.0,0.0,,AUS,30.19444444,-97.67,US,TX,centre,no
75,75,0.6270902230104661,-2.2133635161452436,,0.0,0.0,,BDL,41.93861111,-72.68333333,US,CT,east,no
76,76,0.6889670922842132,-1.1384202245647799,,0.0,0.0,,BFL,35.43,-119.05222222,US,CA,west,no
77,77,0.5009247497020267,-1.8660407812734816,,0.0,0.0,,BIL,45.80694444,-108.54277778,US,MT,west,no
78,78,0.4998102093548867,-1.3658429996455672,,0.0,0.0,,BOI,43.56527778,-116.225,US,ID,west,no
79,79,0.36477010737607035,-1.7482452156618187,,0.0,0.0,,BOS,42.36361111,-71.00611111,US,MA,east,yes
80,80,0.6325691657818747,-3.189666816528947,,0.0,0.0,,BPT,29.95083333,-94.02,US,TX,centre,no
81,81,0.5538565650466589,-0.16086718210654952,,0.0,0.0,,BUF,42.94111111,-78.73638889,US,NY,east,no
82,82,1.0672793867652737,-2.15573202379489,,0.0,0.0,,BUR,34.2,-118.35777778,US,CA,west,yes
83,83,0.6651703114798747,-2.0215105434697294,,0.0,0.0,,BWI,39.175,-76.67,US,MD,east,no
84,84,0.5336405296645356,-2.2665566285771734,,0.0,0.0,,CMH,39.99111111,-82.87833333,US,OH,east,no
85,85,0.5502613429695774,-1.6064584056272226,,0.0,0.0,,CNM,32.33722222,-104.26277778,US,NM,west,no
86,86,0.5302862903297999,-1.5344140338677388,,0.0,0.0,,COS,38.80888889,-104.70916667,US,CO,west,no
87,87,0.5676672721270644,-1.590833083688327,,0.0,0.0,,CRP,27.77,-97.50083333,US,TX,centre,no
88,88,0.542717904452761,-1.6652006623164084,,0.0,0.0,,CVG,39.04777778,-84.66861111,US,KY,centre,no
89,89,0.6445324945167599,-1.727983846055297,,0.0,0.0,,CVN,34.42722222,-103.07888889,US,NM,west,no
90,90,0.5160729587299415,-1.7697408771085248,,0.0,0.0,,DAL,32.84694444,-96.85333333,US,TX,centre,no
91,91,0.5727380606001037,-1.1762562891574413,,0.0,0.0,,DCA,38.85166667,-77.03694444,US,VA,east,yes
92,92,0.6941950136295522,-1.8304964713160568,,0.0,0.0,,DEN,39.77444444,-104.87972222,US,CO,west,no
93,93,0.8632166987577466,-2.1169937155354215,,0.0,0.0,,ECP,30.35777778,-85.79888889,US,FL,east,no
94,94,0.6586193137907154,-1.2292409129043984,,0.0,0.0,,EUG,44.12083333,-123.2175,US,OR,west,no
95,95,0.5183194563509321,-2.0754984023267653,,0.0,0.0,,EWR,40.69583333,-74.17166667,US,NJ,east,yes
96,96,0.8548305116204942,-2.0911671469789477,,0.0,0.0,,FAT,36.77666667,-119.71722222,US,CA,west,no
97,97,0.5619926989347089,-1.832402867579743,,0.0,0.0,,GEG,47.62,-117.53277778,US,WA,west,no
98,98,0.8909903348006982,-1.445069863311849,,0.0,0.0,,GJT,39.11861111,-108.51388889,US,CO,west,no
99,99,0.5567888014737814,-1.430191135023546,,0.0,0.0,,GRK,31.06472222,-97.8275,US,TX,centre,no
100,100,0.46330121694774157,-2.161126101237667,,0.0,0.0,,GTF,47.48555556,-111.36694444,US,MT,west,no
101,101,0.45217202281148833,-1.9735138849131924,,0.0,0.0,,HOB,32.68861111,-103.21694444,US,NM,west,no
102,102,0.489713035441718,-1.458927198130427,,0.0,0.0,,HOU,29.645,-95.27861111,US,TX,centre,no
103,103,0.4944082816262618,-1.6851339096813778,,0.0,0.0,,HRL,26.22805556,-97.65222222,US,TX,centre,no
104,104,0.5987382694302869,-1.7676800296442752,,0.0,0.0,,IAH,29.98333333,-95.34,US,TX,centre,no
105,105,0.3799701585560779,-1.7432325201027363,,0.0,0.0,,IDA,43.51611111,-112.06472222,US,ID,west,no
106,106,0.9089154109879293,-0.1453794606534831,,0.0,0.0,,ISP,40.79666667,-73.10083333,US,NY,east,no
107,107,0.9247575274627311,-1.5979632586252832,,0.0,0.0,,IYK,35.65666667,-117.82916667,US,CA,west,no
108,108,0.8322959634423751,-1.8192266141752733,,0.0,0.0,,LAR,41.31361111,-105.67305556,US,WY,west,no
109,109,1.0193882845269382,-1.6731316136571213,,0.0,0.0,,LAS,36.08,-115.15222222,US,NV,west,no
110,110,0.6694537733535472,-1.7696796133277546,,0.0,0.0,,LAX,33.9425,-118.40805556,US,CA,west,yes
111,111,0.4718635285557469,-1.667645889688474,,0.0,0.0,,LBB,33.66222222,-101.82277778,US,TX,centre,no
112,112,0.5178233889993482,-1.6127700592901297,,0.0,0.0,,LGB,33.8175,-118.15111111,US,CA,west,no
113,113,0.6982119034900327,-1.6656901603981207,,0.0,0.0,,MAF,31.94083333,-102.20138889,US,TX,centre,no
114,114,0.3802575535594139,-1.6694956690248832,,0.0,0.0,,MFE,26.17694444,-98.23972222,US,TX,centre,no
115,115,0.5302833509409347,-1.6883981007770055,,0.0,0.0,,MHT,42.93833333,-71.43888889,US,NH,east,no
116,116,0.9086093454903772,-1.2775619064455046,,0.0,0.0,,MOT,48.25944444,-101.28083333,US,ND,centre,no
117,117,0.6082944087869189,-2.123652625379805,,0.0,0.0,,MRY,36.58805556,-121.84805556,US,CA,west,no
118,118,0.598959784058644,-1.3890183680560038,,0.0,0.0,,MSP,44.88611111,-93.21777778,US,MN,centre,yes
119,119,0.5204189793263676,-2.132057868535484,,0.0,0.0,,MSY,29.99111111,-90.25138889,US,LA,centre,no
120,120,0.385929786715767,-1.6358090927587907,,0.0,0.0,,OAK,37.72138889,-122.22083333,US,CA,west,no
121,121,0.5150530901637212,-1.663464149117096,,0.0,0.0,,OKC,35.39222222,-97.60166667,US,OK,centre,no
122,122,0.5713315481859571,-1.6069394748263195,,0.0,0.0,,OMA,41.30194444,-95.89333333,US,NE,centre,no
123,123,0.4953915950845116,-1.623761171580542,,0.0,0.0,,ONT,34.05611111,-117.60111111,US,CA,west,no
124,124,0.9888002043229128,-1.8643290499326801,,0.0,0.0,,ORF,36.89583333,-76.20138889,US,VA,east,no
125,125,0.4870147998847083,-2.076627875496938,,0.0,0.0,,PBI,26.68222222,-80.09416667,US,FL,east,no
126,126,0.4541454660321956,-1.9768459016825473,,0.0,0.0,,PDX,45.58916667,-122.595,US,OR,west,no
127,127,0.44924078132190903,-1.5830532882500106,,0.0,0.0,,PHX,33.43611111,-112.00944444,US,AZ,west,no
128,128,0.9087219663034521,-1.2267705656702832,,0.0,0.0,,PSC,46.26388889,-119.11472222,US,WA,west,no
129,129,0.6242208697860718,-1.7484985667127648,,0.0,0.0,,PSP,33.82666667,-116.505,US,CA,west,no
130,130,1.0542233776003194,-3.1622690778321787,,0.0,0.0,,PVD,41.72833333,-71.42611111,US,RI,east,no
131,131,0.6372722377039065,-1.6850970077909897,,0.0,0.0,,RDU,35.87527778,-78.78194444,US,NC,east,no
132,132,0.45344226161188694,-1.6116765965305357,,0.0,0.0,,RNO,39.49777778,-119.7675,US,NV,west,no
133,133,0.5495739414440572,-2.00435931740283,,0.0,0.0,,SAN,32.73277778,-117.18722222,US,CA,west,no
134,134,0.5434656083354918,-1.8165023063651566,,0.0,0.0,,SAT,29.53333333,-98.46944444,US,TX,centre,no
135,135,0.8867901850550489,-2.115377598539888,,0.0,0.0,,SBA,34.42777778,-119.83944444,US,CA,west,no
136,136,0.7873031048146053,-1.795497526942408,,0.0,0.0,,SBP,35.23666667,-120.63916667,US,CA,west,no
137,137,0.6366235414431171,-1.8327781400418637,,0.0,0.0,,SDF,38.17972222,-85.73861111,US,KY,centre,no
138,138,0.4311951685752091,-1.7490855189749104,,0.0,0.0,,SEA,47.44722222,-122.30555556,US,WA,west,no
139,139,0.4470570199359973,-2.1459532577766,,0.0,0.0,,SFO,37.61888889,-122.375,US,CA,west,no
140,140,0.4408293145473699,-1.499450542235086,,0.0,0.0,,SJC,37.36277778,-121.94055556,US,CA,west,no
141,141,0.37475021053236396,-1.2337029850778165,,0.0,0.0,,SMF,38.69555556,-121.58972222,US,CA,west,no
142,142,0.4814726642858736,-1.9436897048251944,,0.0,0.0,,SNA,33.67555556,-117.86694444,US,CA,west,no
143,143,0.6290565027536897,-1.8385088366226265,,0.0,0.0,,SVC,32.63194444,-108.15388889,US,NM,west,no
144,144,0.5854551166438577,-1.4179726100124135,,0.0,0.0,,TLH,30.39972222,-84.35194444,US,FL,east,no
145,145,0.47289269836380876,-1.969518427147029,,0.0,0.0,,TPA,27.97305556,-82.53527778,US,FL,east,no
146,146,0.4838616949597857,-1.6094303649763764,,0.0,0.0,,TUS,32.11611111,-110.94055556,US,AZ,west,no
147,147,0.49292179446239665,-2.088581851960321,,0.0,0.0,,ABR,45.44972222,-98.42166667,US,SD,centre,no
148,148,0.596533222723417,-2.215478535267674,,0.0,0.0,,ATY,44.90888889,-97.15416667,US,SD,centre,no
149,149,0.774257421225136,-2.0625410581687724,,0.0,0.0,,ABY,31.53222222,-84.19611111,US,GA,east,no
150,150,1.0391836212109844,-2.0738315208308307,,0.0,0.0,,GLH,33.48444444,-90.985,US,MS,centre,no
151,151,0.4898652309787107,-1.431742650966801,,0.0,0.0,,SDM,32.57222222,-116.97944444,US,CA,west,no
152,152,1.0697683389183599,-1.8247611178086507,,0.0,0.0,,ACK,41.25666667,-70.05972222,US,MA,east,no
153,153,1.0616722730031773,-2.087181364595714,,0.0,0.0,,BDR,41.16416667,-73.12444444,US,CT,east,no
154,154,0.5765953238922915,-1.3858754103835729,,0.0,0.0,,CT1,41.69027778,-72.86472222,US,CT,east,no
155,155,0.3328165049041817,-1.730654275205115,,0.0,0.0,,EWB,41.67694444,-70.95916667,US,MA,east,no
156,156,0.552446610992889,-1.4082880985030826,,0.0,0.0,,FRG,40.72944444,-73.415,US,NY,east,no
157,157,0.6818303949309347,-2.058578002578258,,0.0,0.0,,HFD,41.73333333,-72.65,US,CT,east,no
158,158,0.7909525407006479,-2.2222809974840247,,0.0,0.0,,HTO,40.95944444,-72.25166667,US,NY,east,no
159,159,0.6023251125695461,-1.6179628030178126,,0.0,0.0,,HVN,41.26527778,-72.88833333,US,CT,east,no
160,160,0.5062224262014028,-1.2388939380940371,,0.0,0.0,,HYA,41.66583333,-70.28055556,US,MA,east,no
161,161,0.37803160920184914,-1.860664877855759,,0.0,0.0,,MMU,40.79916667,-74.41583333,US,NJ,east,no
162,162,0.5099254071852876,-3.132041505212174,,0.0,0.0,,MVY,41.39277778,-70.61666667,US,MA,east,no
163,163,0.4125248391258943,-2.109249040951511,,0.0,0.0,,OWD,42.19194444,-71.17722222,US,MA,east,no
164,164,0.5746056475826353,-2.0930928386625065,,0.0,0.0,,OXC,41.47861111,-73.13527778,US,CT,east,no
165,165,0.4824642458337344,-1.4844463686734979,,0.0,0.0,,TEB,40.84972222,-74.06222222,US,NJ,east,no
166,166,0.5927847178323701,-1.7513304861947654,,0.0,0.0,,ZXU,41.59722222,-71.41222222,US,RI,east,no
167,167,0.5140081074824553,-1.7765495141938723,,0.0,0.0,,ACT,31.61138889,-97.22861111,US,TX,centre,no
168,168,0.8848173130800755,-2.044256794980789,,0.0,0.0,,COU,38.81361111,-92.21916667,US,MO,centre,no
169,169,0.6501452405206753,-1.1628465886434773,,0.0,0.0,,FOE,38.9525,-95.6625,US,KS,centre,no
170,170,0.5543807012497196,-1.41315956723117,,0.0,0.0,,LAN,42.77916667,-84.58833333,US,MI,east,no
171,171,0.4662204241901612,-1.9342387055974632,,0.0,0.0,,MHK,39.14222222,-96.66888889,US,KS,centre,no
172,172,0.6096162305878678,-1.274757560473389,,0.0,0.0,,SWO,36.15888889,-97.08555556,US,OK,centre,no
173,173,0.3732445200610773,-1.815335678900781,,0.0,0.0,,TUP,34.25888889,-88.76722222,US,MS,centre,no
174,174,0.8513819689912624,-1.864174888115576,,0.0,0.0,,TYS,35.81222222,-83.9925,US,TN,east,no
175,175,1.0014864593626107,-2.173353558708034,,0.0,0.0,,ACV,40.97916667,-124.1075,US,CA,west,no
176,176,0.4530039868368049,-1.2837615399306355,,0.0,0.0,,BLI,48.79444444,-122.53472222,US,WA,west,no
177,177,0.42597076982531684,-1.751920749200908,,0.0,0.0,,CEC,41.78,-124.23583333,US,CA,west,no
178,178,0.5464122078455513,-1.6676541869336885,,0.0,0.0,,RDD,40.50833333,-122.29222222,US,CA,west,no
179,179,0.6111499724496906,-1.1045946256309302,,0.0,0.0,,ACY,39.45611111,-74.57805556,US,NJ,east,no
180,180,0.6332907798018513,-1.6725473900891306,,0.0,0.0,,AGS,33.36916667,-81.96444444,US,GA,east,no
181,181,0.8014187598317211,-1.291482037632858,,0.0,0.0,,CAE,33.93638889,-81.11583333,US,SC,east,no
182,182,0.4323227081371145,-2.0427600352232456,,0.0,0.0,,CAK,40.91388889,-81.44166667,US,OH,east,no
183,183,0.8911769479170784,-1.4978223789999383,,0.0,0.0,,CEF,42.19777778,-72.53055556,US,MA,east,no
184,184,0.39942635805887167,-1.2456168237588263,,0.0,0.0,,CRW,38.37277778,-81.59305556,US,WV,east,no
185,185,0.6497256794443398,-2.1687125630081523,,0.0,0.0,,CWA,44.78222222,-89.65916667,US,WI,centre,no
186,186,0.9443832635994046,-1.6289667554570124,,0.0,0.0,,DAB,29.1825,-81.05277778,US,FL,east,no
187,187,0.3835566739415504,-2.215744728673202,,0.0,0.0,,FAY,34.99138889,-78.88027778,US,NC,east,no
188,188,0.9507132188287797,-1.8551522410314696,,0.0,0.0,,FWA,40.97833333,-85.18805556,US,IN,east,no
189,189,0.5925418497946362,-1.5920246726470444,,0.0,0.0,,GRR,42.88111111,-85.52416667,US,MI,east,no
190,190,1.0255206750015566,-1.4626617775834527,,0.0,0.0,,GSO,36.09194444,-79.94277778,US,NC,east,no
191,191,0.8601871763085046,-1.7230582260006566,,0.0,0.0,,GYY,41.61805556,-87.41555556,US,IN,east,no
192,192,0.36968514650024403,-2.1603303286906095,,0.0,0.0,,ISO,35.32666667,-77.61666667,US,NC,east,no
193,193,0.7462201744145515,-3.131512526357135,,0.0,0.0,,JST,40.31666667,-78.83444444,US,PA,east,no
194,194,0.5340189401121647,-2.1539539144501285,,0.0,0.0,,LNK,40.85083333,-96.75888889,US,NE,centre,no
195,195,0.48952813341842094,-1.746067432899473,,0.0,0.0,,LUK,39.10277778,-84.42138889,US,OH,east,no
196,196,0.4237565203869574,-2.257466267609521,,0.0,0.0,,MOB,30.68833333,-88.24083333,US,AL,centre,no
197,197,0.4651301735029608,-1.5843360316496908,,0.0,0.0,,ORH,42.26916667,-71.87444444,US,MA,east,no
198,198,0.9084174817656725,-1.6651226834685566,,0.0,0.0,,PGV,35.63333333,-77.38527778,US,NC,east,no
199,199,0.6034018486446566,-1.8689092172008301,,0.0,0.0,,PWM,43.64444444,-70.30361111,US,ME,east,no
200,200,0.5725528237074982,-1.4661868432240464,,0.0,0.0,,RME,43.23388889,-75.4075,US,NY,east,no
201,201,0.5522247797088017,-1.7191065697176973,,0.0,0.0,,ROC,43.12138889,-77.67083333,US,NY,east,no
202,202,0.45869514587735705,-1.0501331524695294,,0.0,0.0,,SAV,32.1275,-81.2025,US,GA,east,no
203,203,0.3535956363345205,-1.8090907962793525,,0.0,0.0,,SYR,43.11055556,-76.1025,US,NY,east,no
204,204,0.5642477023813397,-1.9836669956925528,,0.0,0.0,,TOL,41.59083333,-83.80083333,US,OH,east,no
205,205,0.5919374180022546,-1.3469042572290086,,0.0,0.0,,TRI,36.47611111,-82.40638889,US,TN,east,no
206,206,0.9066147846019519,-2.0921821427466125,,0.0,0.0,,VNY,34.20972222,-118.49,US,CA,west,no
207,207,0.5190289168029425,-1.9814048388570968,,0.0,0.0,,YIP,42.23777778,-83.53055556,US,MI,east,no
208,208,0.7284670843562229,-1.6730687631503136,,0.0,0.0,,YNG,41.25611111,-80.66972222,US,OH,east,no
209,209,1.0697337366961437,-1.4376891282080366,,0.0,0.0,,APC,38.21222222,-122.28,US,CA,west,no
210,210,0.647457365555793,-1.8301792913905566,,0.0,0.0,,ADW,38.81083333,-76.86722222,US,MD,east,no
211,211,0.8317794621858898,-1.9841029992199393,,0.0,0.0,,AVL,35.435,-82.54111111,US,NC,east,no
212,212,0.3264809611860892,-1.4274040640997678,,0.0,0.0,,BFI,47.52888889,-122.29944444,US,WA,west,no
213,213,0.3407915907910537,-2.11004647357862,,0.0,0.0,,MCF,27.84888889,-82.52166667,US,FL,east,no
214,214,0.4490957009772121,-1.9938178329964296,,0.0,0.0,,MIA,25.7925,-80.28611111,US,FL,east,yes
215,215,0.5872037401652485,-1.8125320440054133,,0.0,0.0,,NGU,36.93722222,-76.29055556,US,VA,east,no
216,216,0.9390728263500134,-2.2404603731834647,,0.0,0.0,,NPA,30.35277778,-87.32027778,US,FL,east,no
217,217,0.9848283855947901,-1.8392315152511636,,0.0,0.0,,POB,35.17083333,-79.01472222,US,NC,east,no
218,218,0.7363529906038871,-2.153197695008933,,0.0,0.0,,AEX,31.32416667,-92.54694444,US,LA,centre,no
219,219,0.4447345785859946,-1.176534477284351,,0.0,0.0,,AZA,33.30777778,-111.65555556,US,AZ,west,no
220,220,0.8368505241253932,-1.7295763679911995,,0.0,0.0,,CSG,32.51611111,-84.93888889,US,GA,east,no
221,221,0.37652542741461864,-1.9013046207385909,,0.0,0.0,,CYS,41.15583333,-104.81222222,US,WY,west,no
222,222,0.736437440279423,-0.14945140843472024,,0.0,0.0,,DPG,40.19944444,-112.93666667,US,UT,west,no
223,223,0.3278652656304006,-2.0398055184551485,,0.0,0.0,,DQK,44.05,-75.73305556,US,NY,east,no
224,224,0.8888522822702605,-2.132629301663943,,0.0,0.0,,GFK,47.95194444,-97.17861111,US,ND,centre,no
225,225,0.36959465050138135,-2.1147262447260045,,0.0,0.0,,LRD,27.54472222,-99.46111111,US,TX,centre,no
226,226,0.8845273354871342,-1.9297409787370086,,0.0,0.0,,MDT,40.19305556,-76.76222222,US,PA,east,no
227,227,1.0448912039826772,-1.4461697223961003,,0.0,0.0,,RIV,33.88055556,-117.25861111,US,CA,west,no
228,228,0.5514681768643814,-1.7478157718120697,,0.0,0.0,,SBN,41.70444444,-86.3125,US,IN,east,no
229,229,0.48664099602459165,-1.748965818379976,,0.0,0.0,,SGF,37.24,-93.385,US,MO,centre,no
230,230,0.8826807882118404,-1.1327678277792466,,0.0,0.0,,AFK,40.60694444,-95.86583333,US,NE,centre,no
231,231,0.777596925785829,-1.7489975133338846,,0.0,0.0,,BEH,42.12777778,-86.42833333,US,MI,east,no
232,232,0.9128959993133937,-1.2679034946299605,,0.0,0.0,,AFW,32.98666667,-97.3175,US,TX,centre,no
233,233,0.5499866753677585,-2.1752202663183,,0.0,0.0,,INT,36.13527778,-80.22555556,US,NC,east,no
234,234,0.5662160418338298,-1.860628820739867,,0.0,0.0,,JQF,35.38527778,-80.70972222,US,NC,east,no
235,235,0.45837806458054464,-1.6091702316380143,,0.0,0.0,,AGC,40.35472222,-79.93,US,PA,east,no
236,236,0.4566515876323415,-1.0554688549501348,,0.0,0.0,,BQK,31.25888889,-81.46638889,US,GA,east,no
237,237,0.3951029921653195,-1.788287742947186,,0.0,0.0,,GNV,29.68972222,-82.27583333,US,FL,east,no
238,238,0.4924605541669336,-1.772727498443791,,0.0,0.0,,MGM,32.3,-86.39111111,US,AL,centre,no
239,239,0.5927728897367109,-1.371173537979601,,0.0,0.0,,SHV,32.44694444,-93.82555556,US,LA,centre,no
240,240,0.7764259045544665,-1.731715292264832,,0.0,0.0,,XNA,36.28194444,-94.30694444,US,AR,centre,no
241,241,0.5164866584649054,-1.3430736857344312,,0.0,0.0,,AHN,33.94833333,-83.32694444,US,GA,east,no
242,242,0.6714662143911667,-1.644260367470162,,0.0,0.0,,BTR,30.53166667,-91.15055556,US,LA,centre,no
243,243,0.45540407854163345,-2.1335183068024146,,0.0,0.0,,FYV,36.00361111,-94.17,US,AR,centre,no
244,244,0.4544513477298659,-1.2696789938280213,,0.0,0.0,,GTR,33.45027778,-88.59138889,US,MS,centre,no
245,245,0.41234487108199935,-1.5227502702904583,,0.0,0.0,,MCN,32.69583333,-83.64916667,US,GA,east,no
246,246,0.6214112358069253,-2.160019591870841,,0.0,0.0,,MKL,35.60138889,-88.91527778,US,TN,east,no
247,247,0.3361646247382039,-1.55195203633123,,0.0,0.0,,TCL,33.22111111,-87.61083333,US,AL,centre,no
248,248,0.34152433813272914,-1.6833551465815866,,0.0,0.0,,AIA,42.05166667,-102.80666667,US,NE,centre,no
249,249,0.7014474162338216,-1.6344463256132682,,0.0,0.0,,BFF,41.87527778,-103.60111111,US,NE,centre,no
250,250,0.469638696265609,-1.5362329519521585,,0.0,0.0,,PIR,44.38361111,-100.28416667,US,SD,centre,no
251,251,0.5831031340663456,-2.032218670073826,,0.0,0.0,,AL4,31.30888889,-86.39388889,US,AL,centre,no
252,252,0.9348830384047413,-1.797578946915508,,0.0,0.0,,ART,43.99083333,-76.02138889,US,NY,east,no
253,253,0.5041407916414307,-1.6347573487950169,,0.0,0.0,,AVP,41.33916667,-75.72583333,US,PA,east,no
254,254,0.6378009397694676,-2.154702566568744,,0.0,0.0,,BTV,44.47277778,-73.15305556,US,VT,east,no
255,255,0.5870522760078909,-1.2384728687413291,,0.0,0.0,,CHO,38.14138889,-78.45305556,US,VA,east,no
256,256,0.5154153482014955,-2.204010261876896,,0.0,0.0,,JAN,32.30972222,-90.07583333,US,MS,centre,no
257,257,0.46933090268492084,-1.724276453635817,,0.0,0.0,,MBS,43.53166667,-84.08166667,US,MI,east,no
258,258,0.5705223797192619,-3.1953513728576017,,0.0,0.0,,MLB,28.1025,-80.64305556,US,FL,east,no
259,259,0.9772715586008422,-2.220961065785862,,0.0,0.0,,MSS,44.93777778,-74.84666667,US,NY,east,no
260,260,0.39515960410608536,-1.2243465043489028,,0.0,0.0,,OAJ,34.83027778,-77.61166667,US,NC,east,no
261,261,0.5401218846467991,-1.724815929417286,,0.0,0.0,,OGS,44.68166667,-75.46583333,US,NY,east,no
262,262,0.603708174014866,-1.417933221733345,,0.0,0.0,,PNS,30.47333333,-87.1875,US,FL,east,no
263,263,0.47635548571846537,-1.7540536465666507,,0.0,0.0,,RST,43.91027778,-92.49638889,US,MN,centre,no
264,264,0.8755097302441958,-1.7849801209275817,,0.0,0.0,,TVC,44.74,-85.58583333,US,MI,east,no
265,265,1.0003170960985006,-2.1479356959576457,,0.0,0.0,,FAR,46.91555556,-96.81472222,US,ND,centre,no
266,266,0.46510534324207686,-1.7619445888902772,,0.0,0.0,,HUF,39.45444444,-87.3075,US,IN,east,no
267,267,0.9916969249621878,-1.267133980364818,,0.0,0.0,,MWA,37.75194444,-89.01638889,US,IL,east,no
268,268,0.48924320285239314,-1.2381201330879004,,0.0,0.0,,ALS,37.43666667,-105.86666667,US,CO,west,no
269,269,0.6046889859182473,-1.370946609000366,,0.0,0.0,,ALW,46.09472222,-118.29111111,US,WA,west,no
270,270,0.732767797174625,-1.9698070185508023,,0.0,0.0,,LAW,34.56972222,-98.41611111,US,OK,centre,no
271,271,0.8865304822544506,-1.701117075419074,,0.0,0.0,,ANB,33.59027778,-85.85583333,US,AL,centre,no
272,272,0.5082354331389058,-2.0378638331174592,,0.0,0.0,,MTO,39.47861111,-88.27833333,US,IL,east,no
273,273,0.5131461748928428,-1.8152506626337215,,0.0,0.0,,PAE,47.90833333,-122.28138889,US,WA,west,no
274,274,0.6398792611402401,-1.7108856729634787,,0.0,0.0,,AND,34.49361111,-82.71,US,SC,east,no
275,275,0.39169515078455214,-1.5294012612531382,,0.0,0.0,,BED,42.47083333,-71.29,US,MA,east,no
276,276,0.36096819700634986,-2.1616264624296946,,0.0,0.0,,ANP,38.94277778,-76.56888889,US,MD,east,no
277,277,0.8759816403075492,-1.5078206445396685,,0.0,0.0,,AOO,40.29722222,-78.32,US,PA,east,no
278,278,0.4761872040561962,-1.9117577422019671,,0.0,0.0,,APA,39.57277778,-104.84777778,US,CO,west,no
279,279,0.41274304437310494,-3.1889831394782777,,0.0,0.0,,BJC,39.90888889,-105.11722222,US,CO,west,no
280,280,0.5614270517022693,-1.64895033717054,,0.0,0.0,,TRM,33.62638889,-116.16083333,US,CA,west,no
281,281,0.5182539984388104,-1.4479495349609388,,0.0,0.0,,APF,26.15277778,-81.77527778,US,FL,east,no
282,282,0.45352644567833256,-1.6484689717923071,,0.0,0.0,,APN,45.08166667,-83.55583333,US,MI,east,no
283,283,0.5137577291149404,-1.7747768807061914,,0.0,0.0,,CIU,46.24194444,-84.46611111,US,MI,east,no
284,284,0.8528724777819159,-1.337818311647552,,0.0,0.0,,BGR,44.80777778,-68.82777778,US,ME,east,no
285,285,0.49718084835527815,-1.695681217339814,,0.0,0.0,,ASE,39.22416667,-106.86888889,US,CO,west,no
286,286,0.46491481640865584,-2.102894460632332,,0.0,0.0,,JAC,43.60666667,-110.73694444,US,WY,west,no
287,287,0.5547720818009828,-1.5397266763559103,,0.0,0.0,,AST,46.15972222,-123.88,US,OR,west,no
288,288,0.9409036465325844,-2.1227953603039893,,0.0,0.0,,BKG,36.53194444,-93.20055556,US,MO,centre,no
289,289,0.6104134961427619,-1.5015718333237338,,0.0,0.0,,BKL,41.51694444,-81.68333333,US,OH,east,no
290,290,0.7344420617706798,-1.6068104873058608,,0.0,0.0,,BMI,40.48194444,-88.9275,US,IL,east,no
291,291,0.5903675667134807,-2.129160892767594,,0.0,0.0,,BZN,45.78027778,-111.15944444,US,MT,west,no
292,292,0.48728976746648395,-1.7798736311542094,,0.0,0.0,,CGI,37.22361111,-89.57166667,US,MO,centre,no
293,293,0.5593757812088697,-3.0978574201553446,,0.0,0.0,,CHA,35.03638889,-85.20361111,US,TN,east,no
294,294,0.6234364348655745,-1.5059518426293843,,0.0,0.0,,CLL,30.58944444,-96.36444444,US,TX,centre,no
295,295,0.4226197863503999,-1.2953380049564351,,0.0,0.0,,DHN,31.32,-85.44833333,US,AL,centre,no
296,296,0.5934692945528104,-3.1580565628177504,,0.0,0.0,,EGE,39.64361111,-106.91388889,US,CO,west,no
297,297,0.4061453573133575,-1.3426076094516326,,0.0,0.0,,EVV,38.03666667,-87.5325,US,IN,east,no
298,298,0.3715373405628793,-2.19363898302484,,0.0,0.0,,EWN,35.07361111,-77.0425,US,NC,east,no
299,299,0.7277665184954755,-2.0496087688212596,,0.0,0.0,,EYW,24.55555556,-81.75972222,US,FL,east,no
300,300,0.9958334002492258,-1.592323683858677,,0.0,0.0,,FCA,48.31277778,-114.25111111,US,MT,west,no
301,301,0.49642684172925766,-1.1418252441724865,,0.0,0.0,,FLO,34.18888889,-79.72444444,US,SC,east,no
302,302,0.6163800792771926,-1.5903102937242086,,0.0,0.0,,FSD,43.57888889,-96.74083333,US,SD,centre,no
303,303,0.44177539544169053,-1.8669100393228242,,0.0,0.0,,GUC,38.53388889,-106.93888889,US,CO,west,no
304,304,0.6505261573655998,-1.3387004284252588,,0.0,0.0,,HDN,40.48166667,-107.22,US,CO,west,no
305,305,0.7043774028460409,-1.3029589836156175,,0.0,0.0,,HHH,32.21666667,-80.68333333,US,SC,east,no
306,306,1.0501833624474792,-1.7600329456540587,,0.0,0.0,,LFT,30.20472222,-91.9875,US,LA,centre,no
307,307,0.43517021445559306,-1.3224552274834303,,0.0,0.0,,LSF,32.33777778,-84.99222222,US,GA,east,no
308,308,0.6656654505242939,-1.4261892577197608,,0.0,0.0,,LWB,37.85972222,-80.39861111,US,WV,east,no
309,309,0.5955406593614302,-1.995232077151555,,0.0,0.0,,LYH,37.32694444,-79.20111111,US,VA,east,no
310,310,1.0120207954448168,-1.6205273676992975,,0.0,0.0,,MEI,32.33722222,-88.74916667,US,MS,centre,no
311,311,0.5674510283295311,-1.42531690014751,,0.0,0.0,,MKG,43.17055556,-86.2375,US,MI,east,no
312,312,0.3592025173616196,-1.586278063071767,,0.0,0.0,,MLU,32.51111111,-92.03888889,US,LA,centre,no
313,313,0.4959984330103884,-1.960171040024108,,0.0,0.0,,MSL,34.74527778,-87.61027778,US,AL,centre,no
314,314,0.5551980596335956,-1.1574745794375954,,0.0,0.0,,MTJ,38.50055556,-107.89472222,US,CO,west,no
315,315,1.0478312578032705,-1.5424675849357574,,0.0,0.0,,OWB,37.74083333,-87.16583333,US,KY,centre,no
316,316,1.0124517996259161,-1.9212517982929356,,0.0,0.0,,PFN,30.2125,-85.68194444,US,FL,east,no
317,317,0.5708588160683836,-1.8180470935686905,,0.0,0.0,,PHF,37.13166667,-76.49333333,US,VA,east,no
318,318,0.3398788822592123,-2.1001373442558093,,0.0,0.0,,PIA,40.66138889,-89.68722222,US,IL,east,no
319,319,0.5724157255336809,-1.713984548820918,,0.0,0.0,,PIH,42.91333333,-112.59444444,US,ID,west,no
320,320,0.4324270245376142,-2.1761467800884455,,0.0,0.0,,PTK,42.665,-83.41805556,US,MI,east,no
321,321,0.4477730880788896,-1.6050679637624194,,0.0,0.0,,SUS,38.66194444,-90.65,US,MO,centre,no
322,322,0.45784482765600304,-1.669402605079474,,0.0,0.0,,SWF,41.50583333,-74.09722222,US,NY,east,no
323,323,0.9379561649534323,-1.417492355302992,,0.0,0.0,,VLD,30.78222222,-83.27694444,US,GA,east,no
324,324,0.5605363572972902,-1.6653415423496019,,0.0,0.0,,WRB,32.64,-83.59194444,US,GA,east,no
325,325,0.741515974681645,-1.7018067575205347,,0.0,0.0,,RAP,44.04527778,-103.05694444,US,SD,centre,no
326,326,0.8076762947776014,-1.814294968895484,,0.0,0.0,,SCE,40.77083333,-77.88138889,US,PA,east,no
327,327,0.5534093059970691,-1.8414845910159356,,0.0,0.0,,SUX,42.40194444,-96.38416667,US,IA,centre,no
328,328,0.37245625155914297,-3.1450117513735854,,0.0,0.0,,AUG,44.31805556,-69.79666667,US,ME,east,no
329,329,0.34836979373212446,-2.159732451997884,,0.0,0.0,,BHB,44.44888889,-68.36166667,US,ME,east,no
330,330,0.4617670890776492,-1.5749368090488305,,0.0,0.0,,CDC,37.7025,-113.09611111,US,UT,west,no
331,331,0.6229777808183389,-1.5563473873428142,,0.0,0.0,,CKB,39.29555556,-80.22944444,US,WV,east,no
332,332,0.5866011079462714,-2.216194311528288,,0.0,0.0,,CMX,47.16777778,-88.48638889,US,MI,east,no
333,333,0.9905527070488443,-1.896296040182469,,0.0,0.0,,HLN,46.60666667,-111.98194444,US,MT,west,no
334,334,0.47228655136826253,-2.102510549883505,,0.0,0.0,,MKC,39.12333333,-94.59277778,US,MO,centre,no
335,335,0.44874212679615094,-1.269276875552447,,0.0,0.0,,SAF,35.6175,-106.08833333,US,NM,west,no
336,336,0.5022055815492432,-1.6954452033475909,,0.0,0.0,,SCF,33.62277778,-111.91055556,US,AZ,west,no
337,337,0.5201988673481241,-0.146051221015409,,0.0,0.0,,SPI,39.84416667,-89.67888889,US,IL,east,no
338,338,0.4850039236028732,-1.861727757142897,,0.0,0.0,,TCM,47.13833333,-122.475,US,WA,west,no
339,339,0.6205696857974367,-2.091828431238272,,0.0,0.0,,TTN,40.27805556,-74.8125,US,NJ,east,no
340,340,0.3304527637649513,-1.8152238866369461,,0.0,0.0,,WRI,40.01555556,-74.59388889,US,NJ,east,no
341,341,0.8784192686478561,-1.7240496653456143,,0.0,0.0,,BKW,37.78194444,-81.12416667,US,WV,east,no
342,342,0.5190854988801343,-1.6722487110261333,,0.0,0.0,,PLN,45.57083333,-84.79277778,US,MI,east,no
343,343,0.5456076026843268,-2.076120558251398,,0.0,0.0,,LSE,43.87722222,-91.25638889,US,WI,centre,no
344,344,0.34700920409489205,-1.592755119121531,,0.0,0.0,,AZ3,33.52722222,-112.29527778,US,AZ,west,no
345,345,0.993529549162623,-1.9815534939701134,,0.0,0.0,,BIS,46.77888889,-100.7525,US,ND,centre,no
346,346,0.4223668351404185,-0.14135031969502834,,0.0,0.0,,CSM,35.33972222,-99.20027778,US,OK,centre,no
347,347,0.886808199420382,-1.2874276806304008,,0.0,0.0,,FNL,40.44888889,-105.01027778,US,CO,west,no
348,348,0.8708361302828319,-1.4155023190417644,,0.0,0.0,,FTW,32.8175,-97.35861111,US,TX,centre,no
349,349,0.8924864552247298,-1.827641863267381,,0.0,0.0,,GRI,40.96722222,-98.30666667,US,NE,centre,no
350,350,0.8304050072185217,-1.2585698025480376,,0.0,0.0,,MFR,42.37361111,-122.87222222,US,OR,west,no
351,351,0.5330525306057536,-1.9188712419689575,,0.0,0.0,,MSO,46.91555556,-114.0875,US,MT,west,no
352,352,0.46217854685833437,-1.3018430658211357,,0.0,0.0,,RDM,44.25444444,-121.15138889,US,OR,west,no
353,353,0.4919955303503598,-2.0681120619834767,,0.0,0.0,,RFD,42.19722222,-89.0925,US,IL,east,no
354,354,0.5661213251740868,-1.8861676727884296,,0.0,0.0,,TWF,42.48194444,-114.48666667,US,ID,west,no
355,355,0.9190083214409996,-1.188080195993553,,0.0,0.0,,VCV,34.5975,-117.38305556,US,CA,west,no
356,356,0.6596086161972191,-1.448247053075722,,0.0,0.0,,BAD,32.50166667,-93.6625,US,LA,centre,no
357,357,0.43220252267702414,-2.2699959886177155,,0.0,0.0,,LSV,36.23388889,-115.03361111,US,NV,west,no
358,358,0.5442566616007529,-2.0057107730631283,,0.0,0.0,,BAF,42.16,-72.71638889,US,MA,east,no
359,359,0.4456983542109642,-2.2568436214079917,,0.0,0.0,,BBX,40.13666667,-75.2675,US,PA,east,no
360,360,0.6554345712260415,-1.4373136251240515,,0.0,0.0,,UOS,35.20527778,-85.89805556,US,TN,east,no
361,361,0.9750675695276254,-2.087258640082168,,0.0,0.0,,BCE,37.70638889,-112.14472222,US,UT,west,no
362,362,0.6398767437709494,-1.2778373192255577,,0.0,0.0,,BLD,35.9475,-114.86111111,US,NV,west,no
363,363,0.8888098398932757,-1.656287713106672,,0.0,0.0,,PGA,36.92638889,-111.44722222,US,AZ,west,no
364,364,0.48438746514012154,-1.4935131372421573,,0.0,0.0,,BCT,26.37083333,-80.10833333,US,FL,east,no
365,365,0.5275709418954322,-1.7016779150454588,,0.0,0.0,,BDY,43.0875,-124.40833333,US,OR,west,no
366,366,0.7275793132944655,-2.116786613634279,,0.0,0.0,,EEN,42.90083333,-72.27083333,US,NH,east,no
367,367,0.3641388769231548,-1.439268094189831,,0.0,0.0,,BFD,41.80222222,-78.63944444,US,PA,east,no
368,368,0.3825161429382377,-1.9080872071346842,,0.0,0.0,,DUJ,41.17833333,-78.89888889,US,PA,east,no
369,369,0.45525270220792263,-1.354314057828316,,0.0,0.0,,FKL,41.37777778,-79.86027778,US,PA,east,no
370,370,0.6139160515600554,-0.1539400186524165,,0.0,0.0,,JHW,42.15055556,-79.25805556,US,NY,east,no
371,371,0.880595840577782,-2.064025430688703,,0.0,0.0,,ISN,48.17611111,-103.63611111,US,ND,centre,no
372,372,0.5482260096300886,-1.7592365392394012,,0.0,0.0,,LBF,41.12833333,-100.69666667,US,NE,centre,no
373,373,0.6890346843241959,-1.7661924383930159,,0.0,0.0,,SDY,47.70694444,-104.19194444,US,MT,west,no
374,374,1.0113143815674934,-1.6735791445244532,,0.0,0.0,,CLM,48.11888889,-123.49361111,US,WA,west,no
375,375,0.5867791248713458,-1.9865143906573166,,0.0,0.0,,ESD,48.70833333,-122.9125,US,WA,west,no
376,376,0.6374969343892318,-1.9052017496337608,,0.0,0.0,,FRD,48.52638889,-123.02388889,US,WA,west,no
377,377,0.44040681989513414,-2.019912001074868,,0.0,0.0,,LPS,48.48277778,-122.93555556,US,WA,west,no
378,378,0.3843748616001064,-2.2294350642592167,,0.0,0.0,,ONP,44.57944444,-124.05777778,US,OR,west,no
379,379,0.9975747507131516,-1.404927539921996,,0.0,0.0,,PWT,47.485,-122.76333333,US,WA,west,no
380,380,0.5164872478069492,-2.1402669709399262,,0.0,0.0,,RCE,48.61222222,-123.13861111,US,WA,west,no
381,381,0.4747724614273156,-2.149547033159934,,0.0,0.0,,SQV,48.09777778,-123.18527778,US,WA,west,no
382,382,0.90150295105807,-3.1127605187887535,,0.0,0.0,,VWE,47.86583333,-119.94277778,US,WA,west,no
383,383,0.5783172160130475,-3.1825862590154252,,0.0,0.0,,BFK,39.70166667,-104.75166667,US,CO,west,no
384,384,0.9983261706547351,-1.8541134644758388,,0.0,0.0,,SMX,34.905,-120.45777778,US,CA,west,no
385,385,0.4563064286122875,-2.128454388065204,,0.0,0.0,,BFM,30.62638889,-88.06805556,US,AL,centre,no
386,386,1.0545576366167035,-1.5472715033125408,,0.0,0.0,,BGM,42.20138889,-75.96916667,US,NY,east,no
387,387,0.6453392135886276,-1.2990563809949773,,0.0,0.0,,IAG,43.10722222,-78.94555556,US,NY,east,no
388,388,0.9096417905521437,-2.1200198697620123,,0.0,0.0,,ILG,39.67833333,-75.6075,US,DE,east,no
389,389,1.030164370060133,-3.1887460156050333,,0.0,0.0,,STP,44.93444444,-93.06,US,MN,centre,no
390,390,0.5402797814654388,-1.7455950322511293,,0.0,0.0,,HKY,35.74055556,-81.39,US,NC,east,no
391,391,0.4766595904175204,-2.1619220554733367,,0.0,0.0,,HTS,38.36694444,-82.55611111,US,WV,east,no
392,392,0.5745802139937545,-1.9644689386425789,,0.0,0.0,,BID,41.16666667,-71.57916667,US,RI,east,no
393,393,0.8687828300433086,-1.4881891710901094,,0.0,0.0,,BLM,40.18666667,-74.125,US,NJ,east,no
394,394,0.5715238842767901,-1.8307662299584953,,0.0,0.0,,WST,41.35222222,-71.80416667,US,RI,east,no
395,395,0.6539448199785228,-1.312118469588741,,0.0,0.0,,HOP,36.67277778,-87.49166667,US,KY,centre,no
396,396,0.4341951739041839,-2.063537701380199,,0.0,0.0,,PSM,43.07777778,-70.82333333,US,NH,east,no
397,397,0.9348882415661794,-1.0210485909126417,,0.0,0.0,,SKF,29.38,-98.58388889,US,TX,centre,no
398,398,0.48972504818413803,-1.6209658059738707,,0.0,0.0,,VOK,43.93833333,-90.26833333,US,WI,centre,no
399,399,0.5014979211704312,-1.4556622187722137,,0.0,0.0,,FLG,35.13777778,-111.67166667,US,AZ,west,no
400,400,0.9337145448388262,-1.7223925087887244,,0.0,0.0,,GCC,44.35138889,-105.525,US,WY,west,no
401,401,0.6129181517446316,-1.752593278410382,,0.0,0.0,,GDV,47.13888889,-104.80694444,US,MT,west,no
402,402,0.8990611512680291,-3.0823669972464027,,0.0,0.0,,GGW,48.21277778,-106.61555556,US,MT,west,no
403,403,0.6127856665566879,-1.2173362883858498,,0.0,0.0,,HVR,48.54444444,-109.76111111,US,MT,west,no
404,404,0.4343439416459232,-1.506838884534066,,0.0,0.0,,LWT,47.05111111,-109.47111111,US,MT,west,no
405,405,0.9354357390850598,-1.7886581810485276,,0.0,0.0,,MLS,46.43055556,-105.88055556,US,MT,west,no
406,406,0.9575074529495524,-1.9919280104122579,,0.0,0.0,,OLF,48.09472222,-105.56638889,US,MT,west,no
407,407,0.34156390325741665,-1.7568915368672882,,0.0,0.0,,SHR,44.77416667,-106.97722222,US,WY,west,no
408,408,0.5765381911371374,-1.7418933581261042,,0.0,0.0,,CPR,42.90861111,-106.4625,US,WY,west,no
409,409,0.5525979310918998,-2.181158262648803,,0.0,0.0,,DWH,30.06388889,-95.55972222,US,TX,centre,no
410,410,0.4495077342756345,-1.9734219170442198,,0.0,0.0,,BJI,47.50972222,-94.93472222,US,MN,centre,no
411,411,0.4152189493363593,-1.6233330094145517,,0.0,0.0,,SLK,44.38277778,-74.20666667,US,NY,east,no
412,412,0.5701570824664072,-1.3127113746736514,,0.0,0.0,,DQR,35.98861111,-113.81,US,AZ,west,no
413,413,0.5584307974677413,-1.404843657489659,,0.0,0.0,,DTH,36.46388889,-116.88055556,US,CA,west,no
414,414,0.4497889822967482,-2.0123981152877906,,0.0,0.0,,GCN,35.95194444,-112.1475,US,AZ,west,no
415,415,0.5481937101297881,-2.135577548491679,,0.0,0.0,,MYH,36.73388889,-111.75333333,US,AZ,west,no
416,416,0.6008101505891177,-1.8581713176777446,,0.0,0.0,,SDX,34.84861111,-111.78777778,US,AZ,west,no
417,417,0.48781350534938467,-1.4676363810094362,,0.0,0.0,,SCK,37.89444444,-121.23916667,US,CA,west,no
418,418,0.4949380392578097,-1.870759622242466,,0.0,0.0,,BLV,38.54277778,-89.85111111,US,IL,east,no
419,419,0.5457146024219038,-1.3106198295921836,,0.0,0.0,,BMG,39.14,-86.61472222,US,IN,east,no
420,420,0.44998667022706845,-2.0522898085782937,,0.0,0.0,,ELM,42.16083333,-76.89527778,US,NY,east,no
421,421,0.4984303010196727,-2.2076812728608,,0.0,0.0,,ITH,42.49027778,-76.45805556,US,NY,east,no
422,422,0.882935632300675,-1.753149364093947,,0.0,0.0,,MQT,46.35361111,-87.39527778,US,MI,east,no
423,423,0.33400692482304123,-1.9533695562279179,,0.0,0.0,,LWS,46.37472222,-117.01444444,US,ID,west,no
424,424,0.4432599339784064,-1.9707699277145403,,0.0,0.0,,PUW,46.74472222,-117.105,US,WA,west,no
425,425,0.8419306437759433,-1.719386217005136,,0.0,0.0,,RQZ,30.42888889,-86.68888889,US,FL,east,no
426,426,0.5314844846803971,-2.144813618166744,,0.0,0.0,,SUN,43.50416667,-114.30833333,US,ID,west,no
427,427,0.602346120781113,-1.9455055983718466,,0.0,0.0,,LEB,43.62805556,-72.30583333,US,NH,east,no
428,428,0.9174726609260606,-1.5652978413469802,,0.0,0.0,,PBG,44.65083333,-73.46805556,US,NY,east,no
429,429,0.8383077781670351,-1.6861322442959124,,0.0,0.0,,PQI,46.685,-68.0475,US,ME,east,no
430,430,0.8584456965171982,-1.3074796579448156,,0.0,0.0,,PVC,42.07194444,-70.22166667,US,MA,east,no
431,431,0.7758036925259316,-2.034033992432044,,0.0,0.0,,RKD,44.05916667,-69.09805556,US,ME,east,no
432,432,0.9326666193142279,-1.594063203458159,,0.0,0.0,,RUT,43.52944444,-72.94833333,US,VT,east,no
433,433,0.44052317241937544,-1.5118424548154727,,0.0,0.0,,BRD,46.39722222,-94.1375,US,MN,centre,no
434,434,0.559489536230836,-0.17072145709360817,,0.0,0.0,,BRL,40.78611111,-91.12333333,US,IA,centre,no
435,435,0.5700951713163338,-1.8444240705166344,,0.0,0.0,,ADS,32.96833333,-96.83611111,US,TX,centre,no
436,436,0.4491286774467361,-1.3985734753215777,,0.0,0.0,,BRO,25.90638889,-97.42555556,US,TX,centre,no
437,437,0.9414081486689241,-1.8742940076395322,,0.0,0.0,,BTL,42.30916667,-85.24777778,US,MI,east,no
438,438,0.6601638322572033,-1.849861158149178,,0.0,0.0,,BTM,45.95111111,-112.49388889,US,MT,west,no
439,439,0.3578102031023343,-2.1313031255070887,,0.0,0.0,,TYR,32.35472222,-95.39888889,US,TX,centre,no
440,440,0.6792483375511066,-1.6617760772901087,,0.0,0.0,,MIE,40.23972222,-85.39444444,US,IN,east,no
441,441,0.6308967264356076,-1.6348948866016728,,0.0,0.0,,PKB,39.34555556,-81.43888889,US,WV,east,no
442,442,0.515479175441118,-2.039368330725832,,0.0,0.0,,RDG,40.37861111,-75.96388889,US,PA,east,no
443,443,0.8825389115417128,-1.29378809484972,,0.0,0.0,,DWA,38.57916667,-121.85666667,US,CA,west,no
444,444,0.687720561046489,-1.804219418326605,,0.0,0.0,,FVG,33.96972222,-112.79638889,US,AZ,west,no
445,445,0.7871879956256753,-0.16821790095466801,,0.0,0.0,,GYR,33.42361111,-112.37416667,US,AZ,west,no
446,446,0.6172849249091207,-2.088023364659088,,0.0,0.0,,HIO,45.54055556,-122.94861111,US,OR,west,no
447,447,0.5751603332981248,-1.6183746585801013,,0.0,0.0,,HSH,35.97277778,-115.13444444,US,NV,west,no
448,448,0.5895065111850232,-1.4787758164693041,,0.0,0.0,,MSC,33.46083333,-111.72833333,US,AZ,west,no
449,449,0.45780202108945484,-2.1748327950538204,,0.0,0.0,,OPF,25.90694444,-80.28027778,US,FL,east,no
450,450,0.907871512806867,-3.140237491005188,,0.0,0.0,,ORL,28.54416667,-81.33555556,US,FL,east,no
451,451,0.561100133248974,-2.23353069098415,,0.0,0.0,,OTH,43.41888889,-124.24,US,OR,west,no
452,452,0.502312507561572,-1.659627691448899,,0.0,0.0,,PDK,33.875,-84.30222222,US,GA,east,no
453,453,0.4420733481477617,-1.9563158707391646,,0.0,0.0,,PSF,42.42666667,-73.29166667,US,MA,east,no
454,454,0.4688833977414926,-1.429003032343054,,0.0,0.0,,PVU,40.21805556,-111.72222222,US,UT,west,no
455,455,0.5804527285821822,-1.9354233542851167,,0.0,0.0,,RBD,32.68027778,-96.86722222,US,TX,centre,no
456,456,0.4306934809137277,-1.666663929755501,,0.0,0.0,,RIL,39.51805556,-107.77916667,US,CO,west,no
457,457,0.7058099802046609,-2.2440697136864327,,0.0,0.0,,SAA,41.445,-106.81,US,WY,west,no
458,458,0.7546527020124285,-1.238556130909679,,0.0,0.0,,SAC,38.5125,-121.4925,US,CA,west,no
459,459,0.7923741866551754,-1.7133895873995595,,0.0,0.0,,SLN,38.79083333,-97.6525,US,KS,centre,no
460,460,0.4554458483140753,-1.6106643420439437,,0.0,0.0,,SPW,43.16388889,-95.20083333,US,IA,centre,no
461,461,0.6962711121119992,-2.0254227924605073,,0.0,0.0,,STS,38.50916667,-122.81166667,US,CA,west,no
462,462,0.6396361016889609,-1.6951562802048807,,0.0,0.0,,TEX,37.95388889,-107.90833333,US,CO,west,no
463,463,0.510314815058359,-1.6152280828695016,,0.0,0.0,,UGN,42.42138889,-87.86694444,US,IL,east,no
464,464,0.5576320610700156,-1.3991664981966385,,0.0,0.0,,VIS,36.31944444,-119.39388889,US,CA,west,no
465,465,0.4572946177425992,-1.5007624487750653,,0.0,0.0,,VWN,34.15055556,-114.27138889,US,AZ,west,no
466,466,0.47940672851817784,-2.1526741047065374,,0.0,0.0,,YKM,46.56694444,-120.53777778,US,WA,west,no
467,467,0.9473360461739655,-1.2450406810288919,,0.0,0.0,,BVO,36.7625,-96.01083333,US,OK,centre,no
468,468,0.5696124741103121,-1.666818822604801,,0.0,0.0,,BVY,42.58333333,-70.91555556,US,MA,east,no
469,469,0.5725420926996295,-1.9892424611572226,,0.0,0.0,,CGF,41.56527778,-81.48666667,US,OH,east,no
470,470,0.5343912100734914,-1.4286302424579542,,0.0,0.0,,BWG,36.96222222,-86.42222222,US,KY,centre,no
471,471,0.8560228569912918,-1.7325102453366166,,0.0,0.0,,EFD,29.60722222,-95.15861111,US,TX,centre,no
472,472,0.6035483577320587,-1.5705496397058167,,0.0,0.0,,FWH,32.76888889,-97.44111111,US,TX,centre,no
473,473,0.44506348644151256,-1.8280765452705436,,0.0,0.0,,HGR,39.70777778,-77.73,US,MD,east,no
474,474,0.5353971607348055,-1.4698462641355612,,0.0,0.0,,LNS,40.12111111,-76.29972222,US,PA,east,no
475,475,0.6878503717756964,-3.1027104328788977,,0.0,0.0,,MRK,25.99472222,-81.67277778,US,FL,east,no
476,476,0.39169100126560813,-1.4508930983206247,,0.0,0.0,,OCF,29.17555556,-82.22694444,US,FL,east,no
477,477,1.0104736699042258,-1.2225109108057517,,0.0,0.0,,CAD,44.27583333,-85.41916667,US,MI,east,no
478,478,0.4993540902726066,-1.5522783416208479,,0.0,0.0,,CMI,40.03972222,-88.27972222,US,IL,east,no
479,479,0.9385726047839813,-2.1071801667903474,,0.0,0.0,,PIB,31.4675,-89.33666667,US,MS,centre,no
480,480,0.8588309093623895,-1.317451861598787,,0.0,0.0,,TXK,33.45638889,-93.98916667,US,AR,centre,no
481,481,0.4252233582571014,-1.7428793463042727,,0.0,0.0,,CDR,42.835,-103.09777778,US,NE,centre,no
482,482,0.9388969247287936,-1.5586755126152523,,0.0,0.0,,SHD,38.26388889,-78.89666667,US,VA,east,no
483,483,0.5809853668906614,-1.6305688683513073,,0.0,0.0,,CEZ,37.30277778,-108.62722222,US,CO,west,no
484,484,0.33952350593859354,-1.9243235245139252,,0.0,0.0,,FMN,36.74111111,-108.22916667,US,NM,west,no
485,485,0.36950396374297917,-1.6594087475512571,,0.0,0.0,,FSM,35.33666667,-94.3675,US,AR,centre,no
486,486,0.44226030864761073,-3.1317999935262937,,0.0,0.0,,FXE,26.19694444,-80.17083333,US,FL,east,no
487,487,0.46841564603042696,-1.755621455163703,,0.0,0.0,,CIC,39.79583333,-121.85666667,US,CA,west,no
488,488,0.5397268944206101,-1.7794122141600026,,0.0,0.0,,LAF,40.41194444,-86.93361111,US,IN,east,no
489,489,0.5075073693191192,-1.2201614611946263,,0.0,0.0,,LCK,39.81416667,-82.93222222,US,OH,east,no
490,490,0.5471341408215881,-3.1552838945225807,,0.0,0.0,,MCW,43.15694444,-93.32944444,US,IA,centre,no
491,491,0.8309176271137081,-2.093391427688481,,0.0,0.0,,MGW,39.64277778,-79.91583333,US,WV,east,no
492,492,0.4458526764132198,-1.398626160539432,,0.0,0.0,,CLD,33.12861111,-117.27972222,US,CA,west,no
493,493,0.8603742764299473,-1.8587059289894903,,0.0,0.0,,KEH,47.75472222,-122.25916667,US,WA,west,no
494,494,0.4319166436740347,-1.9713485183427595,,0.0,0.0,,LKE,47.62888889,-122.33861111,US,WA,west,no
495,495,0.5694384075969491,-1.3288128781328192,,0.0,0.0,,SBY,38.33861111,-75.51,US,MD,east,no
496,496,1.0207526369339552,-2.2096151408598916,,0.0,0.0,,STJ,39.77583333,-94.91,US,MO,centre,no
497,497,0.5498721837039827,-1.7990362765806813,,0.0,0.0,,CNY,38.75944444,-109.74611111,US,UT,west,no
498,498,0.458626385236178,-1.2882299784202147,,0.0,0.0,,ELY,39.30194444,-114.84194444,US,NV,west,no
499,499,0.9574445073317863,-2.156345461807724,,0.0,0.0,,COD,44.51583333,-109.0275,US,WY,west,no
500,500,0.5832659448789913,-1.1402935374310115,,0.0,0.0,,COE,47.775,-116.81777778,US,ID,west,no
501,501,0.4476144468399679,-1.6510944064904012,,0.0,0.0,,OFF,41.11833333,-95.91222222,US,NE,centre,no
502,502,1.0413091583391962,-1.2316867388391153,,0.0,0.0,,SUU,38.2625,-121.92694444,US,CA,west,no
503,503,0.752419184895258,-1.723777245706451,,0.0,0.0,,VBG,34.72972222,-120.57583333,US,CA,west,no
504,504,0.3664632050653169,-2.0481190881426197,,0.0,0.0,,LCH,30.13111111,-93.22555556,US,LA,centre,no
505,505,0.6084853311203874,-1.940552045265303,,0.0,0.0,,CPS,38.57138889,-90.15722222,US,MO,centre,no
506,506,0.3291988509849461,-1.3409217013496697,,0.0,0.0,,CRG,30.33638889,-81.51444444,US,FL,east,no
507,507,0.6657312375564323,-1.5760939219644319,,0.0,0.0,,CVS,34.385,-103.32388889,US,NM,west,no
508,508,0.7016299571347638,-1.8157192566715488,,0.0,0.0,,EAU,44.86444444,-91.48722222,US,WI,centre,no
509,509,0.5912328421683739,-1.6476373866607366,,0.0,0.0,,RSJ,48.63333333,-122.85,US,WA,west,no
510,510,0.4498356406531945,-1.2922218615777012,,0.0,0.0,,RKS,41.59638889,-109.06583333,US,WY,west,no
511,511,1.069441729136724,-1.849814614453916,,0.0,0.0,,WRL,43.9675,-107.95305556,US,WY,west,no
512,512,0.5118380861578168,-1.272757586343548,,0.0,0.0,,DOV,39.12694444,-75.46444444,US,DE,east,no
513,513,0.5617994019211281,-2.1335251121063483,,0.0,0.0,,DAG,34.85388889,-116.78611111,US,CA,west,no
514,514,0.4579348265767553,-1.7817693819612446,,0.0,0.0,,DBQ,42.41,-90.71083333,US,IA,centre,no
515,515,0.5300019359771319,-1.3059259370462348,,0.0,0.0,,SPS,33.98833333,-98.49194444,US,TX,centre,no
516,516,0.9839928581626861,-1.6613513455800428,,0.0,0.0,,DDC,37.76166667,-99.965,US,KS,centre,no
517,517,0.5070336342793585,-2.057658601138488,,0.0,0.0,,GBD,38.34722222,-98.86416667,US,KS,centre,no
518,518,0.9026372820936263,-1.5233641905748707,,0.0,0.0,,GCK,37.92861111,-100.72972222,US,KS,centre,no
519,519,0.40852373910159107,-1.3704814989171898,,0.0,0.0,,DEC,39.83416667,-88.86861111,US,IL,east,no
520,520,1.027262160166542,-1.7193271636073102,,0.0,0.0,,DIK,46.79666667,-102.79638889,US,ND,centre,no
521,521,0.9119320650962127,-1.7111590402345431,,0.0,0.0,,DRO,37.15,-107.75111111,US,CO,west,no
522,522,0.7995616810361613,-2.0866304377090388,,0.0,0.0,,EAR,40.72833333,-98.99888889,US,NE,centre,no
523,523,0.4241482699930196,-1.7244448921587543,,0.0,0.0,,HON,44.38361111,-98.22638889,US,SD,centre,no
524,524,0.9504573911406753,-2.231349831479257,,0.0,0.0,,HYS,38.84611111,-99.27416667,US,KS,centre,no
525,525,0.5318625443933218,-1.460411799809781,,0.0,0.0,,IGM,35.25666667,-113.94,US,AZ,west,no
526,526,0.461608118913271,-1.6731910230894886,,0.0,0.0,,LBL,37.04444444,-100.96055556,US,KS,centre,no
527,527,0.6423768350550302,-2.013122742940154,,0.0,0.0,,MCK,40.20611111,-100.59,US,NE,centre,no
528,528,0.8110239808404308,-2.2288479712746674,,0.0,0.0,,MUO,43.04361111,-115.87166667,US,ID,west,no
529,529,1.0464788488545427,-1.9405718441088322,,0.0,0.0,,MWH,47.205,-119.31555556,US,WA,west,no
530,530,0.5884326535205221,-1.674092409485302,,0.0,0.0,,OGD,41.19638889,-112.01083333,US,UT,west,no
531,531,0.3962802898055869,-2.1005794364412926,,0.0,0.0,,PRC,34.65,-112.42416667,US,AZ,west,no
532,532,0.632821070738772,-1.8298440233656614,,0.0,0.0,,RIW,43.06444444,-108.45694444,US,WY,west,no
533,533,0.9911607906996185,-1.8213639858206254,,0.0,0.0,,VEL,40.43888889,-109.51027778,US,UT,west,no
534,534,0.9632503574902105,-1.5869660264543681,,0.0,0.0,,DET,42.40666667,-83.00833333,US,MI,east,no
535,535,0.32524907402057307,-1.7571190772338658,,0.0,0.0,,NTD,34.12027778,-119.12,US,CA,west,no
536,536,0.6336446909586629,-1.5973627158413135,,0.0,0.0,,ROW,33.30166667,-104.53055556,US,NM,west,no
537,537,0.7405527650688842,-0.17465440146491987,,0.0,0.0,,INL,48.56305556,-93.40416667,US,MN,centre,no
538,538,1.0073039106561934,-2.1238950291821683,,0.0,0.0,,DMA,32.16638889,-110.8825,US,AZ,west,no
539,539,0.9370948465982782,-1.601806102479863,,0.0,0.0,,DPA,41.91555556,-88.24666667,US,IL,east,no
540,540,0.5503686109236469,-1.7305441587240629,,0.0,0.0,,AZ4,33.7875,-113.6425,US,AZ,west,no
541,541,0.6852234913864851,-1.2784159123839338,,0.0,0.0,,L41,36.8125,-111.64666667,US,AZ,west,no
542,542,0.5233613763563784,-2.229937135439055,,0.0,0.0,,DRT,29.37416667,-100.92722222,US,TX,centre,no
543,543,0.4490942696080024,-2.2223152311348393,,0.0,0.0,,UIN,39.94416667,-91.19722222,US,IL,east,no
544,544,0.5980004690425585,-1.4486805157299487,,0.0,0.0,,ESC,45.72055556,-87.08666667,US,MI,east,no
545,545,0.4953058440091461,-1.66908724263199,,0.0,0.0,,IMT,45.81555556,-88.11416667,US,MI,east,no
546,546,0.43312246513534963,-1.7161183897440613,,0.0,0.0,,DVL,48.11305556,-98.9075,US,ND,centre,no
547,547,1.0120241009070277,-1.8062218613245093,,0.0,0.0,,JMS,46.93,-98.67833333,US,ND,centre,no
548,548,0.7480790371001361,-1.672573830642463,,0.0,0.0,,EAT,47.39972222,-120.20777778,US,WA,west,no
549,549,0.45417371340131446,-1.721717321695811,,0.0,0.0,,RHI,45.63138889,-89.4575,US,WI,centre,no
550,550,0.48822204689273635,-2.182855377461607,,0.0,0.0,,EDW,34.9,-117.86666667,US,CA,west,no
551,551,0.6300500358006444,-1.8324008776388396,,0.0,0.0,,INS,36.58722222,-115.67333333,US,NV,west,no
552,552,0.4748244251744511,-1.7109861341360106,,0.0,0.0,,EKI,41.72222222,-85.99222222,US,IN,east,no
553,553,0.5954774980770949,-1.4337267597562724,,0.0,0.0,,EKO,40.82388889,-115.78972222,US,NV,west,no
554,554,0.7606866030321469,-2.1986095154642515,,0.0,0.0,,ELD,33.22055556,-92.81472222,US,AR,centre,no
555,555,0.46277243264458384,-1.7921814083327414,,0.0,0.0,,LGU,41.7875,-111.855,US,UT,west,no
556,556,0.6262351902859971,-1.7074976100805956,,0.0,0.0,,YUM,32.65666667,-114.60583333,US,AZ,west,no
557,557,0.6955085697881592,-1.7695340353508113,,0.0,0.0,,MOD,37.62694444,-120.95527778,US,CA,west,no
558,558,0.8441490901681259,-2.090048905243831,,0.0,0.0,,OTS,48.49916667,-122.66111111,US,WA,west,no
559,559,0.734509266273155,-1.7330175592575805,,0.0,0.0,,ESN,38.80277778,-76.06777778,US,MD,east,no
560,560,0.6116911416108951,-1.696453586636222,,0.0,0.0,,SBM,43.77166667,-87.85222222,US,WI,centre,no
561,561,0.9933847758744563,-1.699685291818478,,0.0,0.0,,FFO,39.82611111,-84.04833333,US,OH,east,no
562,562,0.4292609980782015,-1.4977940700387413,,0.0,0.0,,PAM,30.06972222,-85.57611111,US,FL,east,no
563,563,0.5151532965425235,-1.2863259952938926,,0.0,0.0,,FFT,38.1825,-84.90472222,US,KY,centre,no
564,564,0.43112942078868854,-1.4787028560722144,,0.0,0.0,,FHB,30.61194444,-81.46111111,US,FL,east,no
565,565,0.49738998922425454,-1.0357449729109551,,0.0,0.0,,MTN,39.32555556,-76.41388889,US,MD,east,no
566,566,0.4945626784160683,-1.9226952191529918,,0.0,0.0,,FHU,31.58888889,-110.34305556,US,AZ,west,no
567,567,0.4767351858084511,-1.8389306665869716,,0.0,0.0,,FID,41.25138889,-72.03166667,US,NY,east,no
568,568,0.5896289087008547,-1.7803542521526678,,0.0,0.0,,GUF,30.29055556,-87.67166667,US,AL,centre,no
569,569,0.5244809612146045,-2.1839258261024885,,0.0,0.0,,MQY,36.00888889,-86.52,US,TN,east,no
570,570,1.0033161884202615,-1.7260124802659966,,0.0,0.0,,PGR,36.06388889,-90.50916667,US,AR,centre,no
571,571,0.668794515755934,-1.6482559429778243,,0.0,0.0,,SOW,34.26444444,-110.00416667,US,AZ,west,no
572,572,0.9821894610145385,-2.1421715353552098,,0.0,0.0,,FOD,42.5525,-94.18972222,US,IA,centre,no
573,573,0.5174036718495362,-1.6198977404094015,,0.0,0.0,,LRU,32.29083333,-106.92166667,US,NM,west,no
574,574,0.4907282779510497,-1.7126868089148677,,0.0,0.0,,FOK,40.84361111,-72.63222222,US,NY,east,no
575,575,0.8804059004609502,-2.1496000211839754,,0.0,0.0,,NPT,41.53083333,-71.2825,US,RI,east,no
576,576,0.5212237148824711,-1.475854076593013,,0.0,0.0,,NY3,42.45,-75.01638889,US,NY,east,no
577,577,0.6414463558345368,-1.421439870580177,,0.0,0.0,,FPR,27.49305556,-80.36777778,US,FL,east,no
578,578,0.35985179771038495,-2.2048981397319953,,0.0,0.0,,NUW,48.35222222,-122.65416667,US,WA,west,no
579,579,0.6269818273215318,-1.5519949508721864,,0.0,0.0,,WSX,48.66666667,-122.88333333,US,WA,west,no
580,580,0.4702739018795064,-2.116298344000205,,0.0,0.0,,CNO,33.97083333,-117.64138889,US,CA,west,no
581,581,0.5051484852417859,-1.655154663509176,,0.0,0.0,,FTY,33.77916667,-84.52138889,US,GA,east,no
582,582,0.5399507463310314,-2.120716393255963,,0.0,0.0,,FVO,45.24722222,-122.77,US,OR,west,no
583,583,0.42495859106741724,-1.6160255076551218,,0.0,0.0,,GON,41.32888889,-72.04638889,US,CT,east,no
584,584,0.5503227025961652,-2.1851607995250135,,0.0,0.0,,GAI,39.16833333,-77.16611111,US,MD,east,no
585,585,0.5480729875729355,-0.16853752560301458,,0.0,0.0,,MVM,36.70972222,-110.23694444,US,AZ,west,no
586,586,0.6190983263909385,-2.0859872446072303,,0.0,0.0,,UXR,37.01555556,-110.19916667,US,UT,west,no
587,587,0.8456388635539922,-1.7011007956603326,,0.0,0.0,,GED,38.68916667,-75.35888889,US,DE,east,no
588,588,0.5971977085568064,-2.173928902030632,,0.0,0.0,,GFL,43.34444444,-73.60916667,US,NY,east,no
589,589,0.8876048919979792,-1.7935535910483626,,0.0,0.0,,MCD,45.86472222,-84.63722222,US,MI,east,no
590,590,0.5086742498067508,-1.177944093013352,,0.0,0.0,,NYL,32.65666667,-114.60583333,US,AZ,west,no
591,591,0.4385979665159023,-2.2191378537956954,,0.0,0.0,,GSB,35.33972222,-77.96,US,NC,east,no
592,592,0.533047501872252,-1.5366574119135648,,0.0,0.0,,GTU,30.67888889,-97.67944444,US,TX,centre,no
593,593,0.7563802700307162,-1.7386811222912186,,0.0,0.0,,GUS,40.64805556,-86.15222222,US,IN,east,no
594,594,0.5560168771236638,-2.1359198912382986,,0.0,0.0,,HAO,39.36444444,-84.52472222,US,OH,east,no
595,595,0.3427635730409417,-1.2969518924091856,,0.0,0.0,,HBV,27.34944444,-98.73694444,US,TX,centre,no
596,596,0.3433425497808016,-1.6813455169937586,,0.0,0.0,,VWK,43.05083333,-73.86111111,US,NY,east,no
597,597,0.539411913481631,-1.7887513448222607,,0.0,0.0,,NKT,34.9025,-76.88138889,US,NC,east,no
598,598,0.5225030621256893,-1.2902680670669184,,0.0,0.0,,HIB,47.38861111,-92.83861111,US,MN,centre,no
599,599,0.5517880432702239,-1.8190720549734518,,0.0,0.0,,TVF,48.06611111,-96.185,US,MN,centre,no
600,600,0.4848115678368414,-1.7341001486953609,,0.0,0.0,,HIF,41.12361111,-111.97194444,US,UT,west,no
601,601,0.5456370901721315,-1.1329510338931377,,0.0,0.0,,HMN,32.85138889,-106.10166667,US,NM,west,no
602,602,0.5341986853615966,-2.189522803734454,,0.0,0.0,,HOT,34.47888889,-93.09611111,US,AR,centre,no
603,603,0.5866667560774063,-3.1027863460334104,,0.0,0.0,,NZY,32.69916667,-117.21444444,US,CA,west,no
604,604,0.6089925071586116,-2.1172253475159737,,0.0,0.0,,FCM,44.82722222,-93.45722222,US,MN,centre,no
605,605,0.9477737336456455,-1.5271443317275553,,0.0,0.0,,IOW,41.64027778,-91.54722222,US,IA,centre,no
606,606,0.5270487557164605,-1.2459391455954165,,0.0,0.0,,JZI,36.59277778,-86.47666667,US,TN,east,no
607,607,0.749412867299694,-1.7957631357706505,,0.0,0.0,,MNZ,38.72194444,-77.51805556,US,VA,east,no
608,608,0.7054310491602447,-1.8267944265781186,,0.0,0.0,,NY4,44.67666667,-74.94833333,US,NY,east,no
609,609,0.546736483097581,-1.6719706248853963,,0.0,0.0,,OH5,39.24666667,-84.38888889,US,OH,east,no
610,610,0.6584056011502694,-1.2401440131469974,,0.0,0.0,,PWA,35.53277778,-97.64916667,US,OK,centre,no
611,611,1.0198684154208795,-2.038083033436578,,0.0,0.0,,PYM,41.90972222,-70.72944444,US,MA,east,no
612,612,0.3573616510146374,-2.091380453409957,,0.0,0.0,,RAC,42.76111111,-87.81388889,US,WI,centre,no
613,613,0.906640550809528,-1.6803549410814291,,0.0,0.0,,ROG,36.37222222,-94.10694444,US,AR,centre,no
614,614,0.7933026143497915,-1.295592498222302,,0.0,0.0,,RQR,45.42555556,-84.91333333,US,MI,east,no
615,615,0.341135996081776,-1.467324205518706,,0.0,0.0,,TMB,25.64583333,-80.43194444,US,FL,east,no
616,616,0.36420885407056586,-1.1225442264620826,,0.0,0.0,,UBF,41.68805556,-69.99,US,MA,east,no
617,617,0.7256521234924289,-1.7470220465713207,,0.0,0.0,,UES,43.03833333,-88.23,US,WI,centre,no
618,618,0.5759820266452885,-1.8194081311662391,,0.0,0.0,,UST,29.95861111,-81.33888889,US,FL,east,no
619,619,0.7129361452545373,-2.1129280402096,,0.0,0.0,,VRB,27.6525,-80.41361111,US,FL,east,no
620,620,0.5143878491895498,-1.7051565850281156,,0.0,0.0,,WDG,36.37916667,-97.79083333,US,OK,centre,no
621,621,0.6018980392511669,-2.222769668049961,,0.0,0.0,,WVL,44.53388889,-69.67583333,US,ME,east,no
622,622,0.5961095668304607,-1.7375903544707645,,0.0,0.0,,HRO,36.26166667,-93.15555556,US,AR,centre,no
623,623,0.43283160366479734,-1.7348683524932722,,0.0,0.0,,HST,25.48805556,-80.38416667,US,FL,east,no
624,624,0.9038182192284595,-2.19847759992886,,0.0,0.0,,VCT,28.85111111,-96.91444444,US,TX,centre,no
625,625,0.49383551531802444,-1.7441744660413865,,0.0,0.0,,ID1,43.74194444,-111.09777778,US,ID,west,no
626,626,0.5774394058011981,-1.5034243350655923,,0.0,0.0,,LMT,42.16305556,-121.73583333,US,OR,west,no
627,627,0.46896605156005555,-2.0254136816690784,,0.0,0.0,,STC,45.54527778,-94.05833333,US,MN,centre,no
628,628,0.33409958987466437,-1.3005206850647906,,0.0,0.0,,MI4,44.62527778,-86.20083333,US,MI,east,no
629,629,0.6031776394344023,-1.7285759042765483,,0.0,0.0,,IPL,32.83722222,-115.57472222,US,CA,west,no
630,630,0.8872572753448409,-1.7491585004276082,,0.0,0.0,,IPT,41.24222222,-76.92055556,US,PA,east,no
631,631,0.42797319516139626,-1.1877535513629545,,0.0,0.0,,IRK,40.0925,-92.54388889,US,MO,centre,no
632,632,0.3879699811502783,-2.054112691246186,,0.0,0.0,,IWD,46.52555556,-90.13166667,US,MI,east,no
633,633,0.3776620123307996,-1.7518299632194752,,0.0,0.0,,JBR,35.83,-90.64833333,US,AR,centre,no
634,634,0.9394302835035216,-1.9447005051584048,,0.0,0.0,,JLN,37.14972222,-94.49777778,US,MO,centre,no
635,635,0.8654566438754214,-1.4342283676813856,,0.0,0.0,,TBN,37.74138889,-92.14055556,US,MO,centre,no
636,636,0.544673545607178,-1.718679020568663,,0.0,0.0,,JZL,33.02333333,-118.58805556,US,CA,west,no
637,637,0.9234656684136446,-1.1413485181857095,,0.0,0.0,,MVW,48.47027778,-122.41055556,US,WA,west,no
638,638,0.4586727667265482,-1.5501787888601284,,0.0,0.0,,SSW,48.675,-123.17361111,US,WA,west,no
639,639,0.4847148698730434,-1.5423425876834895,,0.0,0.0,,XXV,48.50416667,-122.81388889,US,WA,west,no
640,640,0.5560189587347933,-1.668066332255082,,0.0,0.0,,LAL,27.98888889,-82.01472222,US,FL,east,no
641,641,0.9960595148929432,-1.3866697816033857,,0.0,0.0,,MCE,37.28472222,-120.51277778,US,CA,west,no
642,642,0.47550859428890213,-1.5527813832877426,,0.0,0.0,,SGR,29.62222222,-95.65666667,US,TX,centre,no
643,643,0.5545770826529574,-2.1358963975157343,,0.0,0.0,,TVL,38.89416667,-119.99444444,US,CA,west,no
644,644,0.6583542662982934,-1.5513610336021877,,0.0,0.0,,WMC,40.89777778,-117.80361111,US,NV,west,no
645,645,0.5945334213113286,-1.3347374715073224,,0.0,0.0,,MMH,37.63111111,-118.85138889,US,CA,west,no
646,646,0.4785006965521755,-2.0595311846480526,,0.0,0.0,,OSH,43.98388889,-88.55694444,US,WI,centre,no
647,647,0.34661510937463463,-2.136069146984313,,0.0,0.0,,OXR,34.20111111,-119.20638889,US,CA,west,no
648,648,0.46243338991475014,-2.016189068998496,,0.0,0.0,,SVN,32.01,-81.14583333,US,GA,east,no
649,649,0.5735715403663111,-1.4888245907384128,,0.0,0.0,,LEW,44.0475,-70.28388889,US,ME,east,no
650,650,0.5850150950194558,-1.5560100596230788,,0.0,0.0,,CGS,38.98055556,-76.92277778,US,MD,east,no
651,651,0.3527356206750021,-1.457707393645287,,0.0,0.0,,LFI,37.08277778,-76.36083333,US,VA,east,no
652,652,0.6032852043334834,-3.1520496966946854,,0.0,0.0,,LJN,29.03833333,-95.45694444,US,TX,centre,no
653,653,0.5039865645952348,-1.697006097112018,,0.0,0.0,,BYW,48.57916667,-122.825,US,WA,west,no
654,654,0.8523336961250577,-1.3314630918632424,,0.0,0.0,,ODW,48.25333333,-122.6725,US,WA,west,no
655,655,0.8011569731599409,-1.8779230629596368,,0.0,0.0,,TIW,47.26805556,-122.57694444,US,WA,west,no
656,656,0.4970969492843201,-1.7527169207981854,,0.0,0.0,,TWD,48.05,-122.8,US,WA,west,no
657,657,0.4444526810873386,-1.8241322264043993,,0.0,0.0,,SSI,31.15055556,-81.38944444,US,GA,east,no
658,658,0.5678763180153353,-1.1800671834481984,,0.0,0.0,,LRO,37.83666667,-121.27222222,US,CA,west,no
659,659,0.8671929304528555,-1.9206867797982667,,0.0,0.0,,SSC,33.97277778,-80.47305556,US,SC,east,no
660,660,0.7925334246730729,-1.5796139172015606,,0.0,0.0,,LZU,33.97777778,-83.96222222,US,GA,east,no
661,661,0.5956682134649816,-1.4660105899446054,,0.0,0.0,,MBL,44.27388889,-86.25333333,US,MI,east,no
662,662,1.042707113347147,-1.6798239204958738,,0.0,0.0,,MCC,38.66777778,-121.39944444,US,CA,west,no
663,663,0.4318004913813786,-2.087242907506682,,0.0,0.0,,PAH,37.06111111,-88.7725,US,KY,centre,no
664,664,0.8642118719962965,-1.6740923858955536,,0.0,0.0,,MFH,36.835,-114.05527778,US,NV,west,no
665,665,0.697983500281755,-2.1639228228505045,,0.0,0.0,,MHV,35.06666667,-118.15,US,CA,west,no
666,666,0.49408966973065255,-1.601180550605205,,0.0,0.0,,NQX,24.57527778,-81.68916667,US,FL,east,no
667,667,0.4371108322760873,-1.2888683788684165,,0.0,0.0,,VYS,41.35194444,-89.15305556,US,IL,east,no
668,668,0.4532171841816162,-1.9160220398426233,,0.0,0.0,,MO2,38.5875,-90.99388889,US,MO,centre,no
669,669,0.3534002075164241,-1.6053596293018226,,0.0,0.0,,MPV,44.20333333,-72.56666667,US,VT,east,no
670,670,0.6266713533373672,-2.1022243493447563,,0.0,0.0,,SD2,43.22166667,-99.40333333,US,SD,centre,no
671,671,0.9421506018271371,-1.7788453376375029,,0.0,0.0,,MTC,42.60083333,-82.83722222,US,MI,east,no
672,672,0.5546959544617781,-2.1244781088467444,,0.0,0.0,,MTH,24.72611111,-81.05138889,US,FL,east,no
673,673,0.6534313905899499,-1.6163467248721302,,0.0,0.0,,MTP,41.07666667,-71.92055556,US,NY,east,no
674,674,0.8086603661063424,-1.2451783932863973,,0.0,0.0,,MYF,32.81583333,-117.13944444,US,CA,west,no
675,675,0.3412183560354274,-1.69900808965569,,0.0,0.0,,NIP,30.23416667,-81.67527778,US,FL,east,no
676,676,0.6648399710882615,-1.8053082535498337,,0.0,0.0,,NHK,38.29166667,-76.41638889,US,MD,east,no
677,677,0.611401871081538,-1.6765586185920274,,0.0,0.0,,TIK,35.41833333,-97.38888889,US,OK,centre,no
678,678,0.7927291799292444,-2.2035276890988986,,0.0,0.0,,NJK,32.8275,-115.66888889,US,CA,west,no
679,679,0.9143529801975492,-1.6607127843216196,,0.0,0.0,,NKX,32.86916667,-117.14361111,US,CA,west,no
680,680,0.43280151290287433,-0.9961997964195812,,0.0,0.0,,NY1,41.98527778,-73.96416667,US,NY,east,no
681,681,0.836468358840209,-1.1701159647918433,,0.0,0.0,,NY2,43.35083333,-76.38805556,US,NY,east,no
682,682,0.45031355789493516,-1.5391876264231943,,0.0,0.0,,NY5,41.7075,-73.73805556,US,NY,east,no
683,683,0.9270931938661465,-1.7222295788149555,,0.0,0.0,,LCI,43.57138889,-71.42111111,US,NH,east,no
684,684,0.6389036074139182,-1.8244616968230203,,0.0,0.0,,OLM,46.97361111,-122.90333333,US,WA,west,no
685,685,0.5798256853406033,-2.132766774468258,,0.0,0.0,,MDH,37.78138889,-89.24694444,US,IL,east,no
686,686,0.46842128570230596,-2.2136847383780327,,0.0,0.0,,CLU,39.26194444,-85.89638889,US,IN,east,no
687,687,0.9777086243910994,-1.8657631019189977,,0.0,0.0,,VGC,42.84388889,-75.56138889,US,NY,east,no
688,688,0.9395677195171411,-1.4010381633531637,,0.0,0.0,,WGO,39.14111111,-78.14277778,US,VA,east,no
689,689,0.5796747028521015,-1.6837346087475762,,0.0,0.0,,PDT,45.69833333,-118.83611111,US,OR,west,no
690,690,0.8504004423719901,-1.759122922601994,,0.0,0.0,,PGS,35.52833333,-113.24666667,US,AZ,west,no
691,691,0.5743474628161273,-1.4719501903294803,,0.0,0.0,,LWM,42.7175,-71.1225,US,MA,east,no
692,692,0.48639249209603974,-1.6311919589945738,,0.0,0.0,,PWK,42.1125,-87.90111111,US,IL,east,no
693,693,0.5666310833168584,-1.537985802165604,,0.0,0.0,,UDD,33.74833333,-116.27416667,US,CA,west,no
694,694,0.6761209274424483,-1.4708178138446504,,0.0,0.0,,PNE,40.08027778,-75.0125,US,PA,east,no
695,695,0.4340160011885951,-1.478962476757872,,0.0,0.0,,POU,41.62805556,-73.88277778,US,NY,east,no
696,696,1.0451678765357082,-1.88835646695154,,0.0,0.0,,RNT,47.49305556,-122.21583333,US,WA,west,no
697,697,0.7522017588348909,-1.2829340978479247,,0.0,0.0,,U36,42.92111111,-112.88111111,US,ID,west,no
698,698,0.38102477255357603,-1.3161636511055865,,0.0,0.0,,SCH,42.8525,-73.93,US,NY,east,no
699,699,0.5040377367174531,-1.9670101919200684,,0.0,0.0,,C01,34.21388889,-119.09444444,US,CA,west,no
700,700,1.0106273180665664,-1.724419740627363,,0.0,0.0,,SGH,39.83833333,-83.83972222,US,OH,east,no
701,701,0.9513379149752412,-1.8496468001461226,,0.0,0.0,,SGU,37.09305556,-113.59222222,US,UT,west,no
702,702,0.8315238167097307,-1.3085164814131185,,0.0,0.0,,BIX,30.41111111,-88.92361111,US,MS,centre,no
703,703,0.8741238459669816,-1.7395245927023233,,0.0,0.0,,WYS,44.68666667,-111.10472222,US,MT,west,no
704,704,0.5168547620027308,-3.1666794092715604,,0.0,0.0,,MVL,44.53583333,-72.61444444,US,VT,east,no
705,705,0.43582400647269554,-1.8164430862065346,,0.0,0.0,,UXO,42.55416667,-71.75888889,US,MA,east,no
706,706,0.3594205759230215,-1.7598698255816916,,0.0,0.0,,TKF,39.32,-120.13944444,US,CA,west,no
707,707,0.5748090700894375,-1.724230261579364,,0.0,0.0,,TN2,36.05583333,-85.53083333,US,TN,east,no
708,708,0.5017358332249006,-1.912951924922914,,0.0,0.0,,UT1,40.48194444,-111.42888889,US,UT,west,no
709,709,0.8273970976858073,-2.1332787058938014,,0.0,0.0,,VAD,30.96833333,-83.19305556,US,GA,east,no
710,710,0.5586757054263266,-1.6537033662974874,,0.0,0.0,,TIX,28.51222222,-80.79944444,US,FL,east,no
711,711,0.5485783763073788,-2.105574694846705,,0.0,0.0,,WJF,34.74055556,-118.22,US,CA,west,no
712,712,0.5541973260549939,-2.1286052871949757,,0.0,0.0,,SC1,32.4775,-80.72305556,US,SC,east,no
713,713,0.5238316941277653,-2.276278335638835,,0.0,0.0,,,,,,,,
714,714,0.4490941015252189,-2.117265143842728,,0.0,0.0,,,,,,,,
715,715,0.8632184887604933,-2.2267255247116546,,0.0,0.0,,,,,,,,
716,716,0.8876483500524841,-2.1496402112961,,0.0,0.0,,,,,,,,
717,717,0.3794647574112407,-1.6495905199104097,,0.0,0.0,,,,,,,,
718,718,0.6508774439464401,-1.4823224140084963,,0.0,0.0,,,,,,,,
719,719,1.0582633795074858,-1.6110544343246527,,0.0,0.0,,,,,,,,
720,720,0.5936353860233224,-1.2362945684592175,,0.0,0.0,,,,,,,,
721,721,0.46694857277563834,-1.8038725284533457,,0.0,0.0,,,,,,,,
722,722,0.5260116139110941,-1.271962682114769,,0.0,0.0,,,,,,,,
723,723,0.5338575899769988,-1.2537270445717785,,0.0,0.0,,,,,,,,
724,724,0.9032498750878407,-1.5211675440038057,,0.0,0.0,,,,,,,,
725,725,0.5246452017169473,-1.9838959733052008,,0.0,0.0,,,,,,,,
726,726,0.4843278266376591,-2.1954260008779265,,0.0,0.0,,,,,,,,
727,727,0.56297840966678,-2.1227629470997225,,0.0,0.0,,,,,,,,
728,728,0.45132088597370673,-2.0441328954564613,,0.0,0.0,,,,,,,,
729,729,0.706832339458761,-1.6550868544309199,,0.0,0.0,,,,,,,,
730,730,0.4032797978772741,-1.340963089579086,,0.0,0.0,,,,,,,,
731,731,0.6098650264417441,-1.773602422108285,,0.0,0.0,,,,,,,,
732,732,0.630490950450599,-2.2188700813611835,,0.0,0.0,,,,,,,,
733,733,0.42107817475239606,-1.6449093758230389,,0.0,0.0,,,,,,,,
734,734,0.6858903753487464,-1.7059757670287972,,0.0,0.0,,,,,,,,
735,735,0.44737958318375093,-1.7445812909755727,,0.0,0.0,,,,,,,,
736,736,1.0160362023539449,-0.17811187942570725,,0.0,0.0,,,,,,,,
737,737,0.46452493235531156,-1.8649523670569446,,0.0,0.0,,,,,,,,
738,738,0.5365314969194959,-1.5484245743114875,,0.0,0.0,,,,,,,,
739,739,0.49894093432814873,-3.1167792671808727,,0.0,0.0,,,,,,,,
740,740,0.9002391533411136,-1.6624224880731189,,0.0,0.0,,,,,,,,
741,741,0.39883660460391823,-2.1032759235325886,,0.0,0.0,,,,,,,,
742,742,0.4917810708526393,-1.9061400851065833,,0.0,0.0,,,,,,,,
743,743,0.45703380203477895,-1.7555106327153533,,0.0,0.0,,,,,,,,
744,744,0.9551616372319078,-1.70489628301482,,0.0,0.0,,,,,,,,
745,745,0.7565810333329994,-1.8577277783461321,,0.0,0.0,,,,,,,,
746,746,0.5617832146871922,-1.4239511262281637,,0.0,0.0,,,,,,,,
747,747,0.5460578719337315,-1.5185248283637127,,0.0,0.0,,,,,,,,
748,748,0.6364532030194948,-2.2745175193806055,,0.0,0.0,,,,,,,,
749,749,0.8490346142548039,-1.4157542308124007,,0.0,0.0,,,,,,,,
750,750,0.4969365638106006,-1.614788268002707,,0.0,0.0,,,,,,,,
751,751,0.6462859045372035,-2.0933197153538585,,0.0,0.0,,,,,,,,
752,752,0.5160818810875142,-1.7192396031561843,,0.0,0.0,,,,,,,,
753,753,0.4630562376925035,-1.5668959644519826,,0.0,0.0,,,,,,,,
754,754,0.5694932973632799,-2.050544730668047,,0.0,0.0,,,,,,,,
755,755,0.9928098268953566,-1.5377658470100803,,0.0,0.0,,,,,,,,
756,756,0.4601139769261514,-2.232301927921285,,0.0,0.0,,,,,,,,
757,757,0.6973267470324994,-1.5123098782582978,,0.0,0.0,,,,,,,,
758,758,0.6436966614431273,-2.1242223199199985,,0.0,0.0,,,,,,,,
759,759,0.5209133956676156,-1.9649940950993725,,0.0,0.0,,,,,,,,
760,760,0.34699488034439074,-1.2514400800841463,,0.0,0.0,,,,,,,,
761,761,0.8657494833422754,-1.6627333806647349,,0.0,0.0,,,,,,,,
762,762,0.7042769095439984,-2.0776049568993957,,0.0,0.0,,,,,,,,
763,763,0.5983319452050382,-2.1492274193292142,,0.0,0.0,,,,,,,,
764,764,0.6894484884407415,-1.7154774397147212,,0.0,0.0,,,,,,,,
765,765,0.5486409280534738,-2.16846057966427,,0.0,0.0,,,,,,,,
766,766,0.43715681785627775,-1.9184385093093055,,0.0,0.0,,,,,,,,
767,767,0.35914129701672354,-2.17918640625328,,0.0,0.0,,,,,,,,
768,768,0.5414387680549845,-1.8179795613462757,,0.0,0.0,,,,,,,,
769,769,0.34629286514836277,-1.6330504065909643,,0.0,0.0,,,,,,,,
770,770,0.6812418165133609,-3.1293976910133465,,0.0,0.0,,,,,,,,
771,771,0.9362398627788735,-3.188909661620708,,0.0,0.0,,,,,,,,
772,772,0.49108337654758194,-1.8489267165760301,,0.0,0.0,,,,,,,,
773,773,0.7636337597557776,-0.17468009196944798,,0.0,0.0,,,,,,,,
774,774,0.35771331682451907,-1.7175122824408542,,0.0,0.0,,,,,,,,
775,775,0.509380571842711,-1.7481467305198175,,0.0,0.0,,,,,,,,
776,776,0.3817906009715102,-1.5766659781956995,,0.0,0.0,,,,,,,,
777,777,0.6498917042489668,-1.605201099540906,,0.0,0.0,,,,,,,,
778,778,0.32702745898966645,-1.8154864977181777,,0.0,0.0,,,,,,,,
779,779,0.400866418742117,-2.21798926301903,,0.0,0.0,,,,,,,,
780,780,0.6893538726090921,-2.0731998084920495,,0.0,0.0,,,,,,,,
781,781,0.3979306521097213,-0.17154747652247024,,0.0,0.0,,,,,,,,
782,782,0.8360603605457843,-1.7367768700833603,,0.0,0.0,,,,,,,,
783,783,0.9487256023407457,-3.1555378454682486,,0.0,0.0,,,,,,,,
784,784,0.6846680544537442,-2.2389166469401833,,0.0,0.0,,,,,,,,
785,785,1.0481277094387207,-1.622259619848608,,0.0,0.0,,,,,,,,
786,786,0.7137082487710303,-2.2063327864555755,,0.0,0.0,,,,,,,,
787,787,0.3982661733929258,-1.8957192276108423,,0.0,0.0,,,,,,,,
788,788,0.5476695968256656,-1.9814783863979626,,0.0,0.0,,,,,,,,
789,789,0.9318069228918611,-1.332864470054572,,0.0,0.0,,,,,,,,
790,790,0.568423117673146,-1.3921684044810363,,0.0,0.0,,,,,,,,
791,791,0.5618666624609482,-2.0731611095539257,,0.0,0.0,,,,,,,,
792,792,0.6705077036361057,-1.3135683434766854,,0.0,0.0,,,,,,,,
793,793,0.3716460456986978,-2.0288897828990256,,0.0,0.0,,,,,,,,
794,794,0.40798192070497036,-1.4441403147458416,,0.0,0.0,,,,,,,,
795,795,0.53003221354175,-1.1395243635190895,,0.0,0.0,,,,,,,,
796,796,0.5997487337430305,-1.6960393560540992,,0.0,0.0,,,,,,,,
797,797,0.5118945892424704,-1.2954943232804002,,0.0,0.0,,,,,,,,
798,798,0.9802492426727615,-0.16864391016032385,,0.0,0.0,,,,,,,,
799,799,0.7096017594511465,-1.4706167858159218,,0.0,0.0,,,,,,,,
800,800,0.8640327257836377,-1.574676081680627,,0.0,0.0,,,,,,,,
801,801,0.7747712354739615,-1.2494817533893612,,0.0,0.0,,,,,,,,
802,802,0.6044140130666616,-1.3304268802156258,,0.0,0.0,,,,,,,,
803,803,0.45122733382403624,-1.5722722180145363,,0.0,0.0,,,,,,,,
804,804,0.5992493256972512,-1.6327270791696744,,0.0,0.0,,,,,,,,
805,805,0.7000148830798288,-1.7814603619857685,,0.0,0.0,,,,,,,,
806,806,0.840016788047885,-1.8437905422841716,,0.0,0.0,,,,,,,,
807,807,0.5511400475386568,-1.3393188194711934,,0.0,0.0,,,,,,,,
808,808,0.6180807898500024,-1.1583474475087794,,0.0,0.0,,,,,,,,
809,809,0.9402861762210978,-1.3448108932573033,,0.0,0.0,,,,,,,,
810,810,0.6592763977389912,-1.6317701294150297,,0.0,0.0,,,,,,,,
811,811,0.9472669657662771,-1.4424050415982885,,0.0,0.0,,,,,,,,
812,812,0.9148035558435677,-1.7398622931678998,,0.0,0.0,,,,,,,,
813,813,0.637592867468256,-1.4103124837260939,,0.0,0.0,,,,,,,,
814,814,0.43680032097523397,-2.1712122714082756,,0.0,0.0,,,,,,,,
815,815,0.49619895580322454,-1.7261066381617327,,0.0,0.0,,,,,,,,
816,816,0.5186666053018048,-1.7704520476500603,,0.0,0.0,,,,,,,,
817,817,0.66042495833915,-1.4653470368147234,,0.0,0.0,,,,,,,,
818,818,0.5491168299009254,-1.8686054016570373,,0.0,0.0,,,,,,,,
819,819,0.7575314903501915,-1.4087944613785977,,0.0,0.0,,,,,,,,
820,820,0.5971389440041093,-1.9287249244755609,,0.0,0.0,,,,,,,,
821,821,0.5133739512128102,-1.305204981972415,,0.0,0.0,,,,,,,,
822,822,0.44729468922166565,-1.9170608931569828,,0.0,0.0,,,,,,,,
823,823,0.8505903179416795,-1.3443268101459847,,0.0,0.0,,,,,,,,
824,824,0.49510000267368687,-1.9684841486342357,,0.0,0.0,,,,,,,,
825,825,0.6380258043616625,-1.7172158480614963,,0.0,0.0,,,,,,,,
826,826,0.6948628380104634,-2.141257249442185,,0.0,0.0,,,,,,,,
827,827,0.33421943509533575,-1.162613222482368,,0.0,0.0,,,,,,,,
828,828,0.46636447438950557,-1.621272277388014,,0.0,0.0,,,,,,,,
829,829,0.5237167824614795,-0.15497593975544668,,0.0,0.0,,,,,,,,
830,830,0.578893096081437,-1.6528992128484785,,0.0,0.0,,,,,,,,
831,831,0.6863722579333061,-1.4714320343424256,,0.0,0.0,,,,,,,,
832,832,1.039733672066792,-1.3378047046417259,,0.0,0.0,,,,,,,,
833,833,0.7817574251611739,-1.950370990264355,,0.0,0.0,,,,,,,,
834,834,0.5498117529124392,-1.514867578270857,,0.0,0.0,,,,,,,,
835,835,0.3838103530698039,-0.15881542772436277,,0.0,0.0,,,,,,,,
836,836,0.6816034895684658,-1.5797776739897191,,0.0,0.0,,,,,,,,
837,837,0.5471550539919474,-1.7967008421833854,,0.0,0.0,,,,,,,,
838,838,0.8635753278845562,-1.951923307561829,,0.0,0.0,,,,,,,,
839,839,1.0209955210711137,-1.4908877287059004,,0.0,0.0,,,,,,,,
840,840,0.7128427237853598,-1.526907432876884,,0.0,0.0,,,,,,,,
841,841,0.5422979750410617,-1.8402578016584679,,0.0,0.0,,,,,,,,
842,842,0.5455190573022995,-2.0932848469133165,,0.0,0.0,,,,,,,,
843,843,0.8890251686441549,-1.6521633045679744,,0.0,0.0,,,,,,,,
844,844,0.7134998676044397,-2.078907574803077,,0.0,0.0,,,,,,,,
845,845,0.5092657061059579,-1.807478743208504,,0.0,0.0,,,,,,,,
846,846,0.6150769762528749,-1.6886059945281298,,0.0,0.0,,,,,,,,
847,847,0.9172906157407865,-1.724131857574422,,0.0,0.0,,,,,,,,
848,848,0.5362488007016292,-2.1707296468521706,,0.0,0.0,,,,,,,,
849,849,0.9188144808508857,-1.8996310010935311,,0.0,0.0,,,,,,,,
850,850,0.39742576469777086,-1.373755178695682,,0.0,0.0,,,,,,,,
851,851,0.43302305189509116,-1.7450062468238219,,0.0,0.0,,,,,,,,
852,852,0.9998465622263806,-1.2617325955261056,,0.0,0.0,,,,,,,,
853,853,0.6038928716114184,-2.1446483575542326,,0.0,0.0,,,,,,,,
854,854,0.5373782988309371,-1.2235432531631198,,0.0,0.0,,,,,,,,
855,855,0.9574063248281177,-1.4004891993642037,,0.0,0.0,,,,,,,,
856,856,0.39777246230486946,-1.4632854076570587,,0.0,0.0,,,,,,,,
857,857,0.43528720087006567,-1.311905620651672,,0.0,0.0,,,,,,,,
858,858,0.5836235780040536,-2.072254402052054,,0.0,0.0,,,,,,,,
859,859,0.5477878644190413,-1.7640590864078494,,0.0,0.0,,,,,,,,
860,860,0.638451827988796,-1.6879120395056568,,0.0,0.0,,,,,,,,
861,861,0.4482184888462324,-1.934708956491348,,0.0,0.0,,,,,,,,
862,862,0.5427370598843398,-1.254625109650734,,0.0,0.0,,,,,,,,
